id,name
df23c1e7-ac9c-4d33-9d9c-413fdcd4eac3,Martin Cook
77c48aaf-5c72-48c8-b561-16a04255f698,Leslie Conner
c820c178-ffc2-48e3-a70d-b2b6215a867d,William Oneill
60f4388e-c1f7-4abe-b61b-4c15a363c1ee,Mary Smith
e64493fb-cf8c-47be-990e-a953252bf6c9,Patrick Knight
bf9cd3f1-bd86-41f9-8467-0b478bceea9e,Jessica Lewis
70fb6756-8ecf-482f-a077-938749f7d737,Rachel Graham
88d7c7f4-600f-449a-b3cc-ea3f59211c18,Christopher Ellis
e8c99c5c-986a-494b-8a7b-8b6ebe67e02a,Mary Deleon
477caa45-99ab-45a5-901b-32deae2bb391,Donald Thomas
3154687e-8a3d-484f-8db3-e23a68480bb8,Holly Johnson
69cea881-5145-4ce5-aa8d-06e42bbee1d7,Jody Valencia
554253e4-4b79-402d-bbec-59a94dc31403,Brett Allen
a35c6d41-3356-4b9b-a2a3-a2bf56a267d1,Jennifer Garcia
95f55fa4-a485-4e58-b3f5-1d33da9a723b,Sara Potter
84d366c8-ddf0-4562-9f03-e55b75796cdd,Erin Baker
4810daad-c876-4eee-998e-278706beea51,Kimberly Jackson
6eb72157-e72b-41d6-b85a-825179ae983c,Theodore Anderson
c03c7704-ad4c-4941-b1f6-65303f3567f1,Brandon Lang
e9670497-8d8e-492c-a292-79a9c0fc01a8,Ryan Austin
f25e154f-1a53-453c-99c4-f207f6f00ccc,Joshua Wells
30eb1144-1d19-4400-aeca-a39cb7ff4147,Mr. Jeremy Cameron
61655761-701c-4bb7-863d-5326709ffb35,Ronnie Knight
d4a4b1d9-9e8e-4da7-b951-9c47b341a415,Joseph Mcintyre
51b4369b-79c1-4370-afb7-3a698e86c7ef,Brittany Daniels
214c7ea7-644c-4b6e-946d-562c2a8614ac,Harry Taylor
b606050f-70b4-4c02-879f-fdfb7dc00e70,John Simmons
0b42118d-fac9-43d4-a9ef-f0db6c4d3b8f,Katie Ruiz
d44abb8f-b76a-4d12-bec0-7fb3051d8494,Scott Jones
dcc17716-6c88-4f7b-bd94-5dc797b2143c,Susan Maxwell
e5f2c109-b85c-419d-b24e-260776a80513,Christopher Barnes
69800362-f29b-47db-b1d6-a1334109b137,Roger Carroll
7fe6a179-56f1-469f-ac59-2f7cd6a0b9a7,Miguel Ruiz
129d2e26-4a86-4045-9c31-1e51cb9cd768,Eric Porter
848d5f21-6118-4112-b66f-a98ab839446a,Emily Anderson
c85b5ca7-bd1e-43bf-8e38-9e99eaf7f841,Anthony Stout
a9041769-db51-4b34-8e7b-52040723a0f1,Charles Adams
7418f4e7-4e26-4132-b12c-99477516ad39,Leonard Jackson
ace0d2ff-0f69-475e-8df9-d6b992053b99,Scott Thompson
c562b98d-29f3-49ab-8478-42a33d38b1b9,Jaime Hester
d22a3260-2f53-4ca5-ad7c-4d035dc7efed,Casey Miller
7c7c7474-69a8-4f46-8000-4d9f6401ba76,Jonathan Anderson
9176176f-f527-457f-af57-90260efde27e,Patrick Thomas
9f68924c-723b-480f-8f5a-3a818544f535,Emily Shelton
6da8cde2-dc53-42ef-a995-20bcdd6fb483,Blake Matthews
de5f35dc-505c-4501-8932-41a686615460,Lisa Lewis
cb8206e2-548b-4d1f-b7f8-22fc70fc26b6,Jennifer Erickson
95286dcf-caa4-4321-86c2-3980e354e056,Karina Thompson
51d335a4-5442-4634-9c0a-906f595afb9e,Michele Allen
de760607-9383-48f0-9333-6dbfd00427c7,Kyle Evans
c5886097-e5b1-4cfb-853b-a997ec10d555,Christina Ramirez
42b2b1be-7c3e-4500-a17b-3586414427d6,Dillon Flores
9d5f3bf6-4beb-4cd0-a7c2-a5150fa1192e,Elizabeth David
aa4ff601-fec9-4678-895c-bb631915b3a9,Brittany Turner
12ac9b7e-bfe5-492d-8725-44eca56549a5,Lisa Lopez
cd7cee59-a225-4e5b-9a66-52978801841b,Danny Walker
3a5f582d-26ba-44ed-ba21-a2e0b21d57ed,Douglas Hill
02be692c-7de8-4398-9eaf-3337513b4f3d,John Hughes
cf6fd98c-096a-4528-8abb-d568300f93f5,Joshua Turner
96f28938-f56f-4414-abd1-c461ca2917a0,Dustin Andrade
07843591-998c-49b5-8980-3dcd3e6803d4,Elizabeth Chapman
e108c042-2177-4f40-851a-a014d23659d9,Stephanie Quinn
07770892-8571-4f39-a33c-b3e86eea9210,Daniel Mendoza
c461f4f2-abae-439f-93f5-e9b0baa301ef,Patricia Joyce
742a98aa-fd9c-4f4a-95fa-9080dcef55b2,Rebecca Warren
90674423-5c6b-4c4b-a66e-f859f5524c03,Jessica Valdez
70ae4f06-275a-47c4-b15c-71531c5336bc,Richard Cannon
3af23f71-fb97-40a5-b4be-70a512e441a6,Joshua Webb
b2d69cf7-6e90-4d37-bff8-a6c6a4874573,Brittany Johnson
46e7feca-df21-4ea1-ba09-0fa07e3aa665,Anita Pierce
142e5a2c-d394-4228-bee4-65ce55f55f2d,Gregory Hayes
b581c46f-7321-403a-a7d2-8fd7e1939960,Jennifer Richardson
863a5ad1-d3c9-412e-9934-6c089259d870,David Buck
1d4d8ca8-5cf0-44cf-b00c-7f6064856b3f,Dr. Melissa Russell
a2478f15-af88-4295-963c-850a54025889,Dylan Carrillo
8af085d1-42c0-431f-b1aa-35187ba33bc3,Amanda Johnson
f1287bac-ac3b-48c5-9de3-f58f2345386e,Melody Wright
1f24bbd9-96f9-4af0-8dd0-e33389c1750a,Susan Phillips
7d8091d3-81d8-41a7-b7c1-61e96e7f0ed1,Michael Acosta
8f59fb1b-b94f-4544-a1a2-26c959f09baa,William Ayala
07e1f7a9-1bfc-47e8-b4ac-147a0e280bfb,Barbara Jefferson
1e419fde-72d4-42b7-b734-dafaf064f1aa,Kayla Brooks
1eadf028-8b15-48e2-841d-36e186d31e34,Cathy Castillo
4b37c160-65d1-4024-8d8a-88c1127b72d2,Erica Walker
2eea6fa0-0aad-4751-914f-a8a858025b17,Samuel Stout
93ac85fb-d8bd-4bd0-a406-57fb5e00cdde,Kyle Johnson
75564199-ce46-47ea-92aa-f44d7a33e1af,Amy Wolf
a4e95755-48f4-463d-9f9c-6b2fe5ddcb46,Kevin Castro
67138072-8b5d-4bc2-b061-3e45fbe816a8,Sharon Sims
f4891273-aa0f-43d0-8b0f-f49908349a1d,Anthony Wells
ff2c2e2e-f9ec-4fa6-95ea-57cdb908d03f,David Webb
373dac1d-bb2d-42d8-8412-8fdcd99ef4ef,Beverly Parker
abdd5891-ba4a-416d-b68a-419b8c2591a3,Alyssa Riddle
4d0ebe10-7974-481d-ae4b-ec6911e1702f,James Grant
f4328de9-2a9b-4c18-8c39-0009d1f6c1a3,Jennifer Sheppard
d8733822-a320-41f8-a1a3-9f723fec8beb,Kenneth Hudson DDS
eed32447-3b51-439e-8f83-3464a15b628f,Carlos Leon
4cd15106-107c-4754-a116-bb1058a524e9,Lisa Pierce
29577e24-d213-4250-a136-358e32956835,Jacob Reeves
272cb6b6-11ee-468a-b2ff-396a2414a350,Kevin Jenkins
0397fec7-3c0f-45bd-ba3f-afbb6a501b4d,John Simmons II
cfa5bc80-8dff-4edc-9c8b-a718acb3da77,Christopher Graham
bc779306-a54c-4ed4-893a-e725cc953938,Misty Reed
f562e820-57d8-44c6-9037-f8aaded2bd56,Bethany Baker
a259b4da-3820-44ed-8c82-4dbb6734d315,John Anthony
125dca64-7e44-4ca3-aa33-05b0816df217,Allison Oliver
8133e6ef-1a9d-4799-905a-1b968ef12579,Roy Stewart
485bc23a-6c5f-4a5e-ba79-b95a738b5aad,Sandra Dixon
b08715af-c056-4193-9c5c-b9a4a93ff0d3,Paige Lawson
a0ebcc3e-fa37-4329-9cc8-04b4de620f2f,Benjamin Thomas
69889653-ac6b-4ba0-98d0-d8b17143b095,Adam Carpenter
3a6a1bf0-65a1-49c6-8677-c6c82c1dec59,Benjamin Bell
d73dc3af-62a6-4a3c-b4fa-d5cfc3713d03,Dylan Anderson
f0b54086-b44d-4357-bb6b-2a24d23dadd1,Kelly Kelly
3e7a0c6e-f4ce-455c-8072-c196d45cb7c8,Johnny Ryan
b45333d5-27db-40a0-8c61-b9cb4afe8eed,Troy Henry
11408175-57d9-4bc8-98af-5cf4425ed3cb,Lynn Ramirez
11f77591-98e6-4caf-a6d3-6f69c5e2fa96,Katelyn Alexander
eb1e7d91-c404-43b7-a412-e0018ff6cafd,Julie Robinson
172144e3-e7a0-4722-8d04-6c464e96b030,Pamela Lane
ee3df1b7-fe5f-4580-bee0-77a21b6fa468,Hector Campbell
d7fa1fe7-5412-41f6-be5a-d41a3399fa9e,Scott Reyes
23293a14-3bac-4c70-bb4c-10d6a8aca9dc,Daniel Jordan
925057a6-ba7d-456e-8c67-1f852468a1a5,Taylor Thomas
47b83494-1d3d-43c8-8e5e-7e30c702caf0,Sheila Fisher
976c0cb8-b3d8-4bb2-b8da-393d73087136,Amber Cortez
8e46cb5d-0974-4454-bfa3-85d4e17a4a14,Kevin Graham
58b0fa36-6baf-417d-bedb-d797e6c5f836,Ryan Carpenter
df5c69f1-7221-4810-8b82-da0e7fe940cb,Brittany Reed
dedc3e9c-e55a-49bd-b80a-b680b6b1d384,Zachary Holland MD
b287e75f-2cc3-45e9-852d-78d4ae73e704,James Thomas
96167e07-f9fe-4b13-822e-af4833e9acbe,Richard Martinez
88228eec-2f7e-4652-92de-e3bdc45e6383,Christina Gonzalez
427dc598-de03-4cf3-a316-516657111b56,Erin Rodriguez
d3dad295-7ea1-49ee-a75c-73372290cc2f,Jonathan Johnson
e21b6fd9-07ec-459e-8d2f-c20957f7a99f,Alison White
93fd8233-f944-4564-bebc-77b43502ea2f,John Long
14a48e0a-e8e0-4791-bc0c-e5a027344406,Debra Morrison
c80fcbec-a62e-4df6-a763-67f1ea63dc51,Larry Gilmore
f16597e4-d991-48d5-8349-d8796e56ef2c,Mrs. Megan Scott
b1d4524f-b488-4eb7-993d-b1fa75e6d261,Ryan Huynh
1a5eaa95-0ebc-48d6-af44-9a370cc23be3,Bradley Shannon
837880e6-4acf-4103-aff5-33159cbbdfb8,Michelle Sheppard
317cde14-76f1-4c64-9611-9e564d674393,Mr. Clayton Kramer
de6a0c6b-86d5-409a-89f0-002665a8e968,Kelly Palmer
776467d3-c457-432d-8b61-c084c9d8b886,Cindy Adams
e78658be-5f8f-4b7d-b8db-9e99debb5673,Craig Owens
068a8a93-2231-4a92-86ee-9afa9da2b0c5,Sandra Ibarra
256b0cae-1aea-4f69-bed6-25f0b378300f,Paul Marshall
11c32be1-52a6-40b7-924c-dd247088da1d,Mr. William Baker
f6d6129e-c24c-4e12-babd-1ffd7e7d97ac,Mason Thornton
b6c7b6d0-832e-4edb-82f6-a99cbb4da8ef,Kimberly Wilson MD
06373877-c2a1-4dc6-8ecb-ea16f75b7209,Kenneth Nelson
47cb9430-5a4d-4fff-a582-e9e3f728ae0c,Sarah Haney
8ecd3081-2094-4718-83c2-41c61cd60800,Christopher Villa
9823266a-f27c-4a2a-97b3-c101b6664fed,Robert Phelps
10d49c97-d7d7-482b-875a-ec82315898f7,Anthony Dickson
809e7be6-8dd2-4d0c-93e6-ae28f0aee940,Wendy Bowman
45c73715-c30a-4294-8872-0fb14f8206b9,Brittany Rodriguez
87371a0f-a07a-4843-818d-1685f3ce2be9,Rebecca Smith
1b20111b-7c1c-409e-890e-4b3c781e67b2,Michael Lucero
76eafdf8-f8dc-43ae-ac9f-cf8108bd23e8,Barbara Pearson
f9d6f40c-b062-4042-aebb-8e5d23ee0291,Casey Martinez
6d0b3238-5134-481f-a963-9f2f9515fc48,Kelsey Miller
c9cd50e3-6845-43fe-acee-35c2f84eb6bd,Caitlyn Hill
be4f729c-ad7c-4fee-82d0-01dbf7b96126,Alex Taylor
56fadf2a-c096-4258-af9b-89f012952d7d,Sara Valentine
3a4956c2-016d-4768-a96d-dd08cb2f444b,Patrick Shields
821c5f31-869e-4e7e-8370-b80fbea0d70e,Mikayla Rivera
5a5ad4c6-c696-4cee-8d68-3e8f53349ba3,Kristina Snow
69763486-5e86-4f66-bcaf-f2fe0fd5c1a9,Glen King
4d2bb6a1-eb8f-4b51-be21-a31846fe24cf,Alex Rosales
3ddd20a3-e986-4806-b874-d351f7883d5d,Brendan Hawkins
6c4a11dc-afc0-496b-8672-20901ac8edf4,Lauren Hill
2ee80e96-af52-4a35-a767-3953728ba185,Kristi Washington
cb912589-bb73-4ac6-9a38-b9451f6f83f6,Tracy Gibbs
4fade321-e3a9-4f97-83e2-85b50a127022,Kimberly Kaiser
b20bdc6f-4205-4be3-b984-91e69b4b19b2,Susan Lara
78f206ea-0c4b-4b26-8dc6-616d298925a2,Michelle Herring
2cb83703-c30b-419d-979d-9a66929f0556,Nicole Jackson
f4213e3f-4501-407d-8550-c310a432ddda,Diane Marshall
96942a46-6218-4117-87d3-0bc24a42c024,Ashley Mcdaniel
dc4ccc65-e162-416a-97a3-f85de2ea8d4c,Mrs. Shelly White MD
442ab058-739b-43ab-a1fa-c1e023ed171b,Jessica Meyer
bd052262-df72-4a90-9032-1094b3c18088,Thomas West MD
7223965d-3179-45ef-86a3-db116ba227a0,Matthew Young
d104889e-93dc-4263-975d-68ca58e25594,Michael Cobb
1bf0607e-bfde-4fb6-83ed-ad5dda5b916f,Sydney Wise
13b2d30b-2c3e-4ffc-8594-bcb10fb4706f,Derek Cox
bc71c409-9eed-4ba3-9db5-a4bd8ccd7f72,Teresa Lambert
59284a20-9ec5-4b38-bb45-ab49ab09329e,Sean Carter
def03138-8733-468d-a7ec-18d0742c1446,Kaitlyn Allen
65ac667b-4d00-4cc3-9b9d-ae51cbbde526,Patrick Richards
de5eb0be-7a1c-4c2d-a94e-d03ae375801d,Laura Hernandez
2e92c7f2-8510-46d6-8d79-91a1d46cb97f,Angela Huffman
91c5f2b9-1555-419e-a18f-180877fa66e0,Emily Brown
4769504b-a46f-420a-9b4c-942ba83ff313,John Drake
f25ef7e5-1a1e-4435-a415-f0e7ea617772,Amber White
441562df-7613-48d7-9cc0-9a9e42860644,Dr. Maria Moreno MD
8d2a945c-2d0b-4100-b534-a7fd6f171548,Donald Diaz
9d830a7e-044e-43bb-b104-f6cfe02352e7,Mr. Adam Carey
eef76ae1-ffd3-4162-953e-209cfeff6909,Kimberly Barnes
50ce3b50-bdbb-43c8-b9e6-4c5f3d0d216f,Vanessa Schmidt
566f3666-dbc3-415b-bdf8-78ac7f7d1622,Eric Schroeder
62f59aa9-2c9c-40f0-9119-f8fef4a707af,Andrew George
8a0b436c-8bed-4e09-b37d-a6a06814df16,Joy Lam
f94ce338-8970-4fc2-9a36-9deab2faabf0,Thomas Houston
2911cd77-a343-49e5-9d28-9cf2ab52760d,Erika Phelps
16c03caf-7308-4bfb-9301-4240cde90e18,Alexander Johnson
b3d3e3d1-55e5-4613-b0cf-bf6490c6f7e8,Kathy Harris
ae306cd1-8ed2-40c5-89e6-aa7cf3765a0d,Courtney Harrison
7d1c82f5-0cd6-496c-a0b2-59a332eb6e76,Tyrone Ryan
7729dc1d-9d38-4014-803e-467d9146a8ef,Wyatt Bates
0ba9d853-45ed-4c75-952d-34b9fa2ce5d6,Stacy Ibarra
6f57131f-4308-45df-aa8b-9a1204a7b967,Daniel Kelly
7c929c74-5946-4bd2-906a-cc7e287d345a,Emily Barnes
318470f2-dd13-4af1-87c0-ad2969b07d0c,Joseph Boyer
ceb00579-b769-4c79-a332-5af749fee94c,Matthew Allen
01a707e6-db28-4308-acae-a806d9f40f70,Jay Haley
d26cc2ff-5308-42e4-a282-757df867e056,Lydia Knapp
57b1577c-0df0-437d-a34f-04b298827b06,Veronica Buckley
69a05a03-eee8-4c8b-b512-19077e1037a2,Andrea Page
a2bad742-99f0-4d4d-8419-77bef4ca56bd,Jacqueline Pineda
60a398fe-7b5f-4d90-a4dc-d938e9e388f9,Abigail Lindsey
a7b37487-40eb-4bc5-9da2-9839a5cad78f,Mark Taylor
d02a8508-2702-4ff4-bfda-2b6bc366ff6b,Benjamin Gilmore
9433817b-5615-4267-8144-561aec43ce97,Steven Williams
f3860d4f-66f1-4ab8-a7df-f4e10cce4d99,Christy Rios
a15b1ced-dea1-44b1-bdfb-8fc770ec91b0,Erin Lucas
79004926-bd4a-4e3b-981e-ead5a4197196,Ronald Tran
71dbf004-4f63-4dad-9ecb-a4a272bb23ea,Sharon Marshall
9597f058-eb99-400e-986c-0df4dafe5ed4,Rebecca Rodriguez
20b799a5-b0f4-4931-9736-1e0bad18ed5a,Jeanette Johnson
40d18c7e-a6ec-4d37-b923-968baff6d98b,Dr. Shannon Carter
93c98b58-e744-4c63-be44-aa50c208771f,Michael Garcia
c10c0b4e-08c4-4dd1-8c1a-5a884d859009,Suzanne Farley
7a515ff8-b2a8-4272-a5a2-097248708f49,Lawrence Clark
63fd9ae2-278e-4e14-921f-b302c9ea0b04,Jerry Thompson II
68d43180-27aa-428b-832b-54d275ca2727,Dennis Lopez
cef6b6f6-e517-4539-a0b6-ae3bce484950,Linda Contreras
f3e97614-b5d7-4175-8211-69d4533ef85f,Pamela Harris
046f43ba-116e-4ff5-8323-3edfeace3783,Julie Dixon
e3d30450-b4fb-43b8-ad50-12e5fcf1ab53,Jade Martinez
b0ca2eb4-2888-4d88-96dc-9567338e2efe,Donna Garcia
50b5221a-91b3-4afd-9d1e-1d0bddb97928,Jacqueline Morris
bb894555-c5d0-4c69-9853-fefcfeadbeeb,Janet Robles
63975cb1-e111-42ce-8633-e76c92e4a507,Jeffery Harrison
d4d7b90b-f982-4377-8a67-de5579b8487f,Kevin Martinez
08c1591c-ac2a-4aac-8038-dcb463877f68,Garrett Black
2be013fe-cfbb-479d-b7fa-503afd5ba1a6,James Walls
52272147-fe11-4ff9-a47e-cc2feda1ccb2,Yvonne Watson
73719ae4-16fa-45c8-a891-1335b18e4768,James Jordan
dd719cd8-baa7-440c-8975-3c074a008ae0,Calvin Mccullough
fc3904d2-8fe5-4ca3-8b14-2b3c2efe794b,Timothy Meyers
66f155d8-1543-4e1a-ab0f-2f57c05effbd,Erik Gordon
e45886c5-00a5-4384-b7ef-b2cdad05aad2,Douglas Shelton
8a62ec19-9077-4971-8cfd-113dc07b01c5,Tanner Mullen
daeaeef7-440e-4d17-a06f-e4442ea0b271,Stephanie Carter
36254cc0-52c1-478b-b78d-97bcf2f623bd,John Brewer
2049c20f-47c6-4c75-b6f2-cd74d7964b25,Karen Patterson
f1bb3559-41b3-4b44-ad95-d3fb8b28542e,David Leonard
b3000d9a-36c3-43c9-a594-2e524f874a2b,Gerald Odom
9ea63e16-57ea-4b24-b814-84e867b3033d,Jeffrey Bailey
55572dba-9c01-41e7-a450-b9c8369c7561,Alexander Burke
b02779a5-c07b-4a02-8d4b-eff65f90d81c,Jessica Robinson
ded25d8a-347a-4320-8761-2a88bb8e7b5e,Stacey Miller
8ceb0189-a828-486d-87ff-54c7f31ff6b3,Stephanie Koch
350f7a2e-809a-46c1-b8f0-6d0925ee4c23,Richard Hayes
08513c2c-41c5-4892-8089-0fef84294042,Bill Owens
3c7a5329-0f0c-4249-a01f-768f8ad38874,William Joyce
16aabff1-6072-4289-b34f-0acce9c843ae,Dorothy Schultz
c5638da1-bc75-423f-b8c1-9d7adf0c582e,Brenda Kent
196fd064-8b78-4ee7-99ec-ad2a2a30b1b8,Larry Ward
304d05a4-e484-48d3-9b1f-8f63315dea96,Kathleen Rivera
bdff366e-99fd-4a35-88e9-3e2ba6578739,Nichole Garcia
bbc6b06e-37d2-4404-bf10-2919e3c94e13,Martha Pineda DDS
02a8949b-005d-457e-a810-b8dd602da01f,Nicole Martin
2c4d9126-b171-4679-8996-0d4693ba2b17,Mr. Brent Ward
e09689e7-9833-4c79-a07d-5ab3305790b8,Chase Garcia
b33a809f-c645-4596-9ade-3088eef242a0,Christopher Schmidt
12bb33c2-de44-44e6-8577-80a23ec6be0b,Justin Duarte
53b28b85-e3ac-4308-b7c4-22f982b3769f,Micheal Ross
24f588cb-74be-4c7c-ae42-7cf5c09ef094,Melissa Wood
53d43a0d-1cdd-4606-b9c8-fb8cc862a8ea,Kimberly Schneider
3b5d4253-d0cc-4ad8-b6da-89197ad3a5d3,April Baker
36c3b8b9-7e36-4b24-b6e1-fda23c4c3e71,George Cross DDS
afad5409-4709-4bc7-9e0c-ac250fb2827f,Michael French
9359f445-eeac-4c2c-a4aa-5017578e4761,Taylor Blackburn
930de935-5b5e-4e5f-9018-33ef5ab83231,Joshua Henderson
0cd4700c-5d3d-401c-865b-334120083098,Shane Yates
3eee4edd-cdb0-4dfe-ad31-2ae2bf80f26e,Michael Ball
6db8edff-34d4-4377-96ae-9a5bed229f0f,Chad Walsh
2d4992fe-d1cb-4947-9a23-e88af7630c4a,Christopher Hart
ab0879dc-0d11-4537-bfe9-50406263860a,Jeremy Hernandez
d3c42f56-c00a-4078-961c-a22b9d486cdf,Aaron Wilson
269bc401-5428-47f3-abe9-0d58cfbdca99,Jeffrey Gutierrez
4f05fec9-06f8-40dd-a042-14e69b056106,Rebecca Jones
a41edf84-2b7b-4c9e-aabe-bd04d70b5225,Kenneth Wilcox
0365c12e-c582-4e0b-a925-c51240b1555b,Steven Flores
8688c6d9-2b43-45a7-82e7-236002d243db,Kevin Jackson
91417947-8344-4965-b0f9-5c01e9585a30,Charles Waters
4ef1ba53-b6de-4ef5-a2d8-73e1fd87ce16,Megan Forbes
00d09d94-1667-495f-ab50-aeea4b9e4b19,Connie Harrison
480fda5d-6341-4a58-8f2d-b9ab8800821a,Arthur Evans
3c2de83a-51ee-484b-a8cd-f7e020e08e3a,Tyler Henderson
acac5e44-7c69-4798-84cd-c21c33f61724,Christopher Torres
c7eb056c-90b0-4799-94ec-4e743e7b8559,Julie Fuentes
2110cecf-049f-4f82-a815-bc4e9557f69c,Gary Kirk
b13b8aa4-f54d-47fe-9d37-4bde0a5890d6,Benjamin Brooks
78ed2d5b-fbd6-4f4c-9476-54a1d5e4575c,Jamie Hughes
863362af-9b1d-47ce-bf62-ee0428c1d075,Lisa Townsend
fbc9691a-f726-4125-b5b5-87c949c44d8f,Crystal Mendez
307d3689-b21f-4d45-b5c8-fc9433fd7e22,Lori Chavez
6173e81e-85e7-441d-8294-561fecd10524,Michelle White
26741c57-bd9e-485f-8cac-1aab9fb7f691,Kristin Mcintyre
9628e206-5b94-43ca-a269-41d5de906adb,Jeremiah Smith
5e2b616d-448d-4b78-8cdb-894071b9e1ed,Nancy Mercado
2e217d0c-2ebb-4162-9908-3a3607be8a9c,Angela Weber
806b15a2-3fd7-49c7-8806-6257770086eb,Leslie Cruz
01bc1d08-5a37-4ade-8c48-0e9b79f495e8,Ashley Johnson
a2b1cc47-ccf1-4b9c-93c5-d798d0c0a801,Amanda Garcia
7ed90109-4f05-4a06-9024-101828e5431f,Nicole Bailey
7b1a2018-9d12-4696-875f-ad3b6eb914a0,Ashley Lam
2f4d879e-bb72-4b76-b7b4-8929060796ac,Stephen Miller
bd73bfe1-a929-4fab-9818-bd7f3cbfd3d0,Destiny Tran
4256701b-fb0a-4fd8-a539-f550a24bf5cc,Brandy Mcdonald
e54f343f-b720-488c-9141-32fdeabf1e41,Christy Acosta
40141f4e-ade4-4bf8-981f-02dc36c60a71,Matthew Chapman
e252b8b3-53e4-4e3f-8a5a-637f6c6a0c02,Mr. Brandon Thomas MD
d91ce0ef-bf6b-4759-bda4-bcc1ef9a58a0,Angela Stephens
dddbf6c7-9959-4a24-9487-ddc36e97624b,Leslie Hicks
29907d56-929d-40e6-bdb6-addb63c48c60,Susan Stephens
2e617d28-489f-4eb5-adef-10b7ba81b6d9,John Fischer
e8a359a4-9b69-4738-808d-97423199fbd7,John Norris
c8da3ad8-0174-48ed-8b6f-aa98ad544770,Joshua Gallagher
0182aea5-b0b9-43dd-80c6-68bce6f1f2f1,Andrew Aguirre
d5b8ee08-348f-410e-a72d-ec83791aba11,Christina Terry
474cfc50-feb2-4b32-8338-3349626e88ff,Robin Vargas
56ed17f0-8e77-445a-909e-c7a28b3c0720,Shelly Benitez
d0dd7c13-111e-4009-b668-b4e06ab2233f,Pamela Peterson
fa4df239-8557-40d6-8ba1-f02fde33b1de,Tracie Martinez
bc7d5035-ed97-483f-b6b0-fad1b9587dcc,Ruben Bennett
aabcff8a-1b7a-47f0-8659-5bec864a00c7,Robert Lee
c051fca0-e8db-4e85-b5bc-f8304e5e2a9f,Richard Holloway
8c3f964e-bdc1-43d1-84a2-86f41c4d2ae3,Stephanie Nelson
c21eb537-0fbc-400c-9eeb-1cda6f80b041,Desiree Scott
98d82d52-1ca7-45b7-9971-faa089d7510b,Bonnie Jones
4aefb232-676d-42d2-8728-78f0272f7888,Brian Clark
6b640885-3ce3-460b-874f-9c31ce361c50,Christian Mathis
2aabb162-ac7e-4093-9a8a-21a037491a13,William James
d9204cb4-264b-4df7-8cf8-d769b9591848,Andre Sanders
19839b64-a19d-44db-b49d-37c7c4b0c813,Brittany Peterson
c5d44f19-4046-4969-88df-a5c78b21a776,Paul Grant
1219e33b-1bae-4187-a3b9-2f93758d6b41,Danielle Griffin
9b9b6f0c-9ae1-4ed3-9ca2-ae87bd340efd,Kyle Saunders
fe85d4d5-d58e-40ef-b0a3-1840f230bc03,Tyrone Williams
2ec3cee4-18b7-4304-aeda-c57c893aa5f5,Michael Macdonald
5f48f10f-8fcc-4c7e-a00e-97c1a9476e3e,Timothy Bowers
2e9dac90-64b2-481b-aef7-1b80d6e0d862,Deborah Patterson
44f73b34-9531-47ca-81e1-b03b06b3595c,Cody Perez
64766b12-837b-4096-866b-7b765c9c917b,Elizabeth Lewis
434300d9-8f73-4513-9ad7-3bf5ead5bf96,Thomas Burnett
59e5c035-0c0f-454f-b6e3-16274edeca94,Kathleen Flores
1f1b09f6-200a-4719-bd3c-ef50b55d0ce4,Jill Johnson
6cd3295c-f6ea-4bc9-9520-4f31b90375f0,Jordan Allen
4f6e4cd6-26b6-4151-87fa-4b449d7d058e,Jeremy Riggs
928eed3c-48cd-4f9e-a2d5-9e9bd8ce993b,Carolyn Carney
69ceb1d3-21f4-4e7a-8837-1dd0250b061c,Daniel Wagner
e33f2451-8340-4bcf-b87e-8ba9212f4474,Linda Thompson
84e044ea-5cc0-4826-8041-59c91a37c1ba,Mark Jones
2fbf7aaf-3ebf-4ea8-b2e6-bc08cf16ca1e,Kristen Jacobs
cb5f81ed-0eaa-40fa-8d3e-ed680c968f3d,Jill Smith
813d6b28-9971-4589-b3e3-839f7faf574f,Adam Roberts
1ea2a0e6-eeab-434d-a556-06de816b306c,Matthew Williams
1c0bbd69-412d-45a0-ab98-c7abfbd69b6c,Mark Chan
b3b9df3a-f76e-4ec2-aab6-ce35a1a33158,Carl Marquez
b6fa2386-c00d-404e-9e44-819ab5b4c730,Elizabeth Arnold
c386e0f9-329e-471f-96ba-2ddca2034cdf,Jennifer Porter
a454b469-69e9-494a-9495-79cf4e567642,Angela Liu
63f2c67c-a231-4ef6-be1e-870be86aa1de,Holly Walker
fa9a9845-8ae0-4699-9564-fe84cd6a4345,Stephanie Campbell
bb1f2aeb-394b-4871-92a2-450405b915e4,Brandy Joseph
37919f14-ea79-417a-8108-a99433741e1a,Gina Smith
e419985e-2eaf-44a9-bbfc-4acc2af13fe9,Austin Norton
59678437-f3bf-45c7-889d-de8bf078cfc0,Elizabeth Blanchard
79b112fd-60ab-46da-a5bb-82c2945874bc,Kevin Evans
d720cfd1-551a-4067-8323-70fab87b3d4c,Sue Bailey
38906750-7c75-4361-9df8-e6ce3cf5dbf5,Jessica Brown
9ad26c21-ea44-467d-8f06-7e75ca6697ad,Kevin Diaz
8813e208-0279-4bcb-a88f-72434f1ab778,Jay Cunningham
3f1cdce2-4805-404f-9043-b934784a6fd4,Evan Marshall
800c06b0-4fee-4dc9-8e8c-4b66ba62de96,Samuel Vincent
1eeb1403-482d-41d9-ab08-41f7d6fbe1ab,John Dunn
94261a99-8d6b-4fc5-8bef-9367fb94b2a5,Dr. Tina Thompson
6d5ec528-0344-4144-ab5d-d12cee208ac2,Jonathan Schaefer
2efa9134-4ca2-4e7c-b319-f51a0bc43fc1,Darin Burton
57cd7a88-6eb2-4041-8b3c-e2eafa6a559a,Joseph Brown
e2465340-4829-4ca6-9284-17dd7c985048,Adam Carroll
7c76e419-8f53-43d0-aff4-3440a4f52a87,David Alvarez
c440147a-199d-4b99-a45c-9146f56ad55b,Amanda Young
cf397775-ab0f-450a-ae2d-65e2fa3e7d24,Cynthia Martinez
d5ac1c53-c171-4e56-ad6c-0b72cbb7441c,Jennifer Miller
232916ca-b56f-41ca-af08-8e8f31c51f5e,Kevin Salinas
b3d80532-3f4a-43ef-9f20-2d0bb2391645,Kelsey Palmer
3c38d72a-59b5-45d1-aa65-f3e4892db917,Tiffany Logan
10f9dee5-ae8a-46f5-a09b-c0036d49a2dc,David Thornton
b899933e-2eb1-46ad-a33c-530798305348,April Meadows
fdfdeeba-0da2-4d27-b5c7-69558e2514a3,Reginald Smith
689efe1a-d81b-4673-b90e-91ceb9cabfae,Corey Rasmussen
31ef7ba2-b7b7-4671-b3c9-44a35cbdb148,Nicholas Ballard
901e0d65-e430-4262-ad6c-0d3c0489002d,Jerry Wilkins
b04861b8-d383-409f-aa81-5c55b1a0d5ca,Gregory Reynolds
8999fa4a-8094-4fc9-95df-992002bc33d9,Dana Wolfe
0b1448fc-6627-46ca-8d15-7bae678d0b26,Kimberly Jones
7cb3f435-3312-45c7-8114-57068239b9d8,Matthew Walker
7ec4770d-4381-4ed2-a29f-992ee2d9cced,Frederick Singh
72b915d1-26bc-45ba-b895-023d42875971,Sabrina Downs
3948654f-01a7-472d-b3fc-af958e493b08,Dillon Coleman
a2090e9a-8f9e-4a76-8a13-2a6b51ecc8c7,Victor Bullock
13d39dba-7089-4b84-a45a-8fa2e652bc67,Tracy Powell
19b17a9b-5493-4ac6-bb0b-cad93cd0f528,Cynthia Frazier
c39819b1-fb0c-45d8-9ff0-3f49126a477c,Hailey Galloway
f07548aa-e22b-4ff6-a490-9d91552fdaba,Philip Lin
a39e7d2b-7e58-4d7a-8b18-8d6bb95b8752,Christopher Hess
69c32919-2b79-4783-85b8-48838ec19b82,Gina Bradshaw
b1bf3cac-ba9f-496a-bf16-ce9c03c4a59e,Diana Rogers
6bfee4f8-f045-48e2-bd7a-38016669439d,Henry French
e4a5482a-68d4-4f99-ae1d-84381285d1ce,Ashley Ross
12a591fa-569a-4945-afca-0ee40b700c99,Renee Clark
412da37f-3d13-4d4d-8b3e-eae1c53b48f4,Andrew Rosales
9a5db30c-1bda-4cfa-bee6-11c12a17ce55,Jessica Cole
f174ccde-a333-47da-94bd-b3f9ce3ab4d9,Brent Barber
80fa5f6a-9314-4ecf-b8c2-c6f17419cf6c,Hannah Anderson MD
142001ce-5d2a-4370-86b5-9b8c6361bcec,Donald Robertson
cadee9cd-cbb4-47fc-b6f1-a4c313d8f6a3,Chelsea Blackburn
7e1bff23-73e1-46d3-9757-a00a4de2b00e,Ashley Sullivan
11e29ab2-ba1f-48c9-a368-31e1ce8e8309,Sheena Lewis
f8719b2f-e07f-40f8-9595-915ee079171b,Janice Brown
c27e6d76-039d-4cb9-a75f-abc297564a41,Lawrence Ochoa
53224c9f-6189-4e11-acde-6869b4eb7db6,Brittney Bennett
219d5e94-3a9a-43e5-8da9-34e1199a7904,Steven Walton
2aed4769-9739-4140-8e38-13b9be0c1068,Stacy Ferguson
dcaba13a-f717-40ac-8f49-ea9f0532ccee,John Paul
c8096433-e1a4-4246-b22c-3fedeeaaba14,William Sampson
7e1a980f-4a86-41f2-9cd7-edf6c15e5e04,Brendan Rodriguez
d523ebb0-2574-4761-a111-310ad194a5b8,Melissa Webb
eacb0b28-1f0e-4725-8a5f-bd05246f3306,Daisy Rocha
e218aa75-7f88-439f-91c7-1404b6367e49,Misty Robinson
4c05f218-ef21-4571-8adc-9cbdb9946c0d,Eduardo Kennedy
c38479c4-0ca5-42d0-8b70-ad84edf40fa5,Jessica Lynch
8260b48a-ee50-4e55-b56a-a0b364e8be09,Maria Phillips
3e0941f6-ec91-4a87-b71b-d555537e9d6b,James Brown
0e28988c-f1d6-40ee-9b92-b49a767ef85f,Natasha Johnson
602d9f34-038f-4e35-b084-c68f77b89b52,Cameron Fuentes
5bd58fb9-3ccf-4690-98cd-41ce36e4c2ed,Clayton Brown
3d1b5fd9-25ae-43da-b05c-e2d55a815e27,Ricky Lawson
27a39ceb-5806-4b95-91c6-efb69e87c69f,Katherine Lutz
14efa609-83e7-4296-9b75-2bb936094fcf,Stephanie Brown
966d7056-182d-48c7-b601-9fd996cfa510,Crystal Thompson
2bca7614-7891-4d47-a331-ab5f0c20aefb,Jennifer Cantu
4d8a3512-f736-4a63-8148-bba8d0a8f9d8,Connor Watson
aef14aa9-656c-4a98-ae0c-57e2da23ef80,Monique Evans
0dea6208-ee47-47f9-9db5-bb8b2a818017,Jill Barrett
69bd4ed7-9f8e-43b1-9b5a-727a1ee28ec9,Miguel Evans
d1d3a8d7-4444-4be9-8d15-3861c118181c,Sarah Franklin
46296fdb-afc9-4843-bd30-f1250861bf4b,Robert Underwood
7212ddba-4259-4e68-959a-e64d1176da4d,Aimee Kennedy
8d5e83c7-0247-42d8-a243-0f744f0c4c82,Stanley James
d603f7a7-a1b9-4aa6-80dd-9d7e75f35da7,Rhonda Bowen
7f93544b-acb7-494c-b8cb-768b5ed64998,Charles Johnson
70f1a94c-81a1-41fa-b7ae-139254ba09de,William Parker
ea467279-44b0-498c-a79a-329dfc322f2f,Michael Ford
23a1b2e4-222c-4255-b621-fa0ec48da63c,Trevor Bell DDS
b4efd3cb-8659-4008-83da-0ced1b1059d8,Emily Bennett
c349b3a2-11a9-4695-96bd-8ebe35b0bf16,Destiny Roberts
5d684eb3-b8ac-4c31-a105-362461c168bc,Christopher Mason
6652d3da-770c-4069-a97e-58627d4236ab,Kelly Pearson
db78c659-749d-4c82-8d0d-635bb08d062b,Sarah Ibarra
0a920f65-5308-42da-8a2e-a47bb5f7f4e8,Whitney Collier MD
4c777f7f-132b-41e5-9bb4-2307b6f36fdf,Brittany Hernandez
b28e3b5a-13a7-46c4-bea2-b3d3af5adec3,Jennifer Stevens
0ddaec1c-f1bc-4033-8d5c-83f36f96c83e,Dustin Sanchez
04778974-5e4d-443b-8727-b70bda5250f5,Christopher Townsend
d55910e2-4e73-4228-a94b-5bd81bdc6bc5,Amber Coleman
eec5a4cb-ebc5-4326-9102-52b3e4164388,Monica Warren
9aff9221-970b-4987-a7ce-3d89f27ba002,Francisco Meyer
7eb3a992-16b2-47bf-990c-cc161f11c60d,Karen Oliver
1f5da0eb-0c77-44e7-a4ba-428d09c11fdd,Jared Erickson
afc3c929-a5a0-4e90-84c3-fe14b42240ea,Jasmine Knight
25bb6bcb-6bd2-4364-a2c0-7949661c04c8,Jeffrey Ball
89f9021c-1070-4109-b72e-383b05b01a4d,Jennifer Sanders
c9544b32-9070-4939-a688-0e09e7a5c9d9,Michael Baxter
b81170e3-4535-4e35-8a1e-0994376711ee,Ernest Martinez
bf851287-8ae4-46f4-b1f9-883bb17a4e3b,Michael Lyons
38822b6d-b250-45df-b359-78715877af22,Erin Moore
250d9734-c804-4d5a-8068-a88d974cf9b5,Austin Tanner
0d8a8b59-207c-407f-9d3a-a7f13b413a55,Laura Sparks
d300b94d-c673-48b3-8719-57235ad49158,Leah Caldwell
c2b289b8-99a7-4014-996a-91fe9e4acf0c,John Golden
15a6c82a-c716-40dc-a849-f853fe958b92,Victoria Parker
b0e27e6a-a7ba-43d1-87fa-8f42e3ded54f,Shawna Hill
489f1886-32f7-41fb-b26e-4e8af9a25148,Henry Flores
6b9e2a55-6d42-420f-89a7-7a9984d5770c,Robert Robinson
2e7b6e60-18d2-4d40-ada8-3c8867897b7c,Jason Callahan
968cbe2c-b68c-4461-9118-aada6ae78252,Barry Mann
eb868309-946c-4349-8371-5aa843e4119d,Robert Oliver
d52b4195-33ce-4139-8828-a9d3ade5f1f4,Zachary Turner
a915c563-a37d-4ab3-9383-04396077b72e,Laurie Ortega
f5422858-00d5-42a6-a309-3433a1d7810a,Matthew Henderson
fe730739-9de8-4056-8539-62f2b1359a35,William Wang
8168f408-2f0b-41e3-9c6b-73c08332963c,Patricia Webb
ec0edb89-3e0b-4d65-ad94-4583e644a0f0,Alyssa Martinez
6acd3ef5-e752-486f-b255-2bc7ca74b92f,Cheryl Robinson
d314762b-d3d7-4286-9c19-e673741bc3e0,David Lewis
83346bb9-6066-4ba4-a438-a018359e4c3b,Mark Johnson
a5194329-d1df-4cc0-ac3c-578da4c3651b,Ms. Mary Parsons MD
e1146478-6e67-43d0-b10a-ee100c4c6487,Tyler Hicks
8f481f55-a6df-48d2-9cdc-f0d25aaf7626,Jeffrey Browning
f48dbf87-e0ec-4f7b-9e42-b8ad05fd0306,Jill Mcknight
e0444b1c-ed8f-4a09-8667-c0f804645b3b,Sergio Johnson
f685e9e1-318a-439e-a9be-635ffccc02e7,Savannah Nguyen
dc3eb90c-f930-40b9-be68-e403d56cb9e6,Amy Charles
25b74b06-dc55-45b3-93d4-881663c41167,Jordan Mayer
188dff3c-0e52-4da4-808f-7ecb5f43cae1,Mr. Jonathan Taylor
cfd03e81-4527-4034-aca6-022ad0583c6d,John Evans
6ce79a07-03e8-4755-98a8-a500c1ceeb6a,Gilbert Kim
8fdb7638-6a7f-477b-bce6-70e088159d1c,Gene Frazier
8e831aff-2a8d-4964-9cb4-e66d74170ebc,Raymond Garcia
46c436c2-3a95-46ff-80ee-ba7865c07097,Heather Henderson
5965412d-c137-4f59-8f38-3a42f9605f41,Kimberly Coleman
29edc155-d262-4517-a483-f675479e1f86,Kathleen Goodman
8ee7a337-f066-4cca-add4-0c3e8e492053,Thomas Williams
747c36ef-884a-437d-baac-500da006b88c,Lindsay Noble
35314c3e-bed8-4729-8292-c5e92d366dd4,Amber Reed
a368ad2d-6528-4ec7-bd99-59e6354aeec4,Stephen Solis
81b728e0-8246-431b-823f-02cfaf4b78c5,Jennifer Manning
6765f1cf-288a-41a1-84d0-2f1988d97e91,Sherry Thomas
3910fb18-3fd6-4d2c-b430-4e98fd595032,Tiffany Bass
ddd41666-a227-4890-9ee7-276c52a66367,Daniel Greer
c5ea7df9-67df-4c08-bee2-abc226756b55,Melissa Nelson
6aaa0d7d-71c3-4ad1-a640-53bfb8d88fcd,Linda Thompson
2d7d6e0f-c20d-4657-b28e-d7ef26bcedc1,Kathleen Kane
d6f53f69-bd70-4f11-a27d-fe64407f0f72,Joseph Shah
df5890cb-ca01-4c1d-914f-87014ab11a79,Joseph Mejia
017793f0-2ec1-48dc-840b-baf2a41f4787,Michael Miller
aba90910-67f7-45f0-b359-5b9612c9ee20,Jason Beasley
6b2e5d03-c2ca-4754-ae29-cf0d8bd9891a,James Brennan
5342bbcf-f85c-4f4a-a6c4-65479de27352,Tyler Evans
5635ebf2-872d-4783-bbb7-dd1bb7b61e05,Valerie Howell
ad061b6a-2ba6-4718-ac83-67b0f845ea0d,Christopher Williams
49a84e59-1443-430a-877e-1950372c5922,Michelle Barton
6cc00bb5-6f87-4ad1-ad39-242655ac98a5,Darren Weeks
1c877d04-f1e5-40ad-b687-26f5ab0a3b7e,Christine Gonzales
5195edad-81a1-424a-863f-cb5a1c2fa1e7,Amanda Watts
01554d7d-cb67-4ec7-bdbe-80ab8991dc33,Denise Clarke
941db2db-236e-45b2-be06-e09180cc1342,Michelle Velez
4934e2ed-80ac-4e55-b37b-b3acd1159918,Dean Booth
528a789d-a236-446c-8e66-3fbb8e21a5d0,Miss Carol Garcia DDS
31b7242c-aa20-4b9b-9f4c-c01914a4afaf,Stephen Sloan
967e1704-70da-4ca5-9b59-cbc5fed6e1bc,Terry Welch
88d46047-1671-4eb0-9287-a0b47572d533,Kyle Hart
1a8fa56a-bc5b-40d5-b1dd-8d1eaef44132,Brandy Dennis
b78e9ed9-50a8-43cb-b3b5-cc7625954d27,Alison Benitez
7d955e57-73f9-48e1-a557-9324022bd413,Autumn Lee
390d6335-e277-46f0-b2a1-04d762ceea69,Richard Baker
f58b53a7-594e-481f-a042-6a179f980cb7,Erika Roy
f8182db3-4b39-4830-a970-1e58835d37bb,Jeffrey Lopez
e958d990-509b-49c2-a20c-a9aa942206c7,Jeremiah Sandoval
e98061b3-e01f-45e8-8f1e-1c635681f37b,Ellen Henderson
0fe0ca53-e7d4-49c2-a482-2d52a5f62a4e,Jennifer Castro
a47bd812-d9cb-4dfc-ab52-6e007dace21b,Alexis Gutierrez
9b60e552-a8e5-426c-915d-8fc0499e13b3,Pamela Smith
3294b259-d900-42a2-aed5-d93a10fb163b,Gina Green
bb425c14-2a8f-4de3-9215-d70c36df2237,Robert Young
d0fc2adf-feec-42fe-b585-a39e258dcc67,Jacob Lloyd
1d24e5e5-0203-4fdb-8481-bf14a5f4303d,Dennis Johnson
d97507ca-44c0-49e7-b822-3fc943b667cb,Jessica Grant
ba6f43d4-f856-473c-9efd-6dcafce65997,Michelle Conner
10a59bc8-6bed-492d-bdfb-3e3870e9bbe5,Danielle Gonzalez
603bb5a5-b1a2-41ac-b4e7-b8ec45048b10,Linda Williams
15ca8070-676e-491d-8bc5-0cb9549c3590,Richard Goodman
3aa34234-d7af-47da-97ee-90247ae854e6,Colleen Johnson
aaa6b5ca-cb17-4fc6-a4d8-fa12d0c68496,Lisa Mason
5e646435-f7eb-4231-b0e2-d04825566e3f,Robert Wong
3b880527-aec5-493f-a7e0-68d8cb01b043,Mary Ruiz
216250dd-a59b-45f9-b75c-7565e2e85116,Patricia Collins
2fc2ffd4-c372-463c-9a41-9fccfc1d8b19,Daniel Gibson
ff316370-750a-4f0a-9ef6-19a736ee55d5,Shawn Cummings
9a9ec510-4e39-4992-83e8-4d3d7a1318f9,John Richardson
541c936c-8388-4aec-92b9-68cf40965873,Katherine Martinez
33cc3583-a8d8-4bcd-96a5-3b14b83e4663,Paul Barnes
9e7265b2-7112-48f3-afff-a7770db59551,Jonathan Bennett
9830d961-5420-40b1-9cd7-69d057ba03e5,Stephanie Watkins
6abaf8e6-83f0-4932-811f-1fa501719fcc,Donald Peck
b2eba06c-3c2e-4f32-82f4-edf7a4d1ae7f,Gary Ellis
9585987f-a2bb-4abc-8481-43cfab8be323,Dr. Bryan Flores
7185197e-91e8-40de-9197-04f4ac76f87c,Tony Garrett
94a62d56-e474-45aa-b84e-fb4701c59378,Joshua Ortiz
716fa201-c7c2-4296-b9d6-f1dd7d994e15,Amanda Diaz
d203b930-9db5-43fa-9a97-2d39dabdae86,Patrick Walls
886caca1-4eb9-4997-abef-be48e0ac820a,Stephen Young
6f426037-c9fb-4214-9678-b52ec69e82ac,Brandon Lindsey
ce1424ba-207f-462d-9c09-385ad231adef,Steven Reyes
bcd2d5e0-61f3-40ec-ad88-a366c1ec5c73,Pamela Rodriguez
934fb942-0511-40a3-9330-6d9a627e4611,Ryan Watts
8f5c2a3b-954d-442a-9a0b-c0f5acae92fa,Kelly Lopez
5924fb42-d31b-44d4-97a7-54bcd580cd3c,Ann Morris
ddbdc93d-a4e6-42fa-ba71-1a9bdf74a82e,Richard Burns
850981f8-c6c0-453f-9ded-96d8da633c2b,Traci Maddox
8b273a43-7a5f-44ed-955f-5682b5ae734b,Stephanie Castillo
7a839a83-2f76-4d73-bd1e-437f0ea9afa5,Brett Santiago
32c3ec6e-7180-4323-9f6a-e3d79fc30fb2,Taylor White
5b230e35-69cd-4dc6-a651-49ff80a3da2f,Michael Walker
0033dc5e-92e2-49e6-babe-18d650cb1332,Christopher Moore
90f2f57f-b0e0-4eb2-b148-3e3eb8fa3124,Daniel Jones
d835cb48-9ea4-44df-b3b3-e1c31a1ebc5a,Stephanie Hanna
f8139cd4-e3c6-46b5-a062-deab8e1aaaa4,Maria Adams
17135468-e703-429f-bbfe-c7ac2605a9b7,Tiffany Armstrong
8ba5d571-7efa-4691-a285-34d84e26a2f4,Scott Harrison
f9f36d77-0f43-4e48-a0d8-df6ae8c0721d,Lauren Rodriguez
6c2a907b-2de0-4d42-bd93-a550e6cd835a,Nicholas Benson
ccbd491f-c2a9-4316-9b03-60dabe48a7d7,John Marshall
1f5475be-fed1-4a8b-8e77-0ac018587fb4,Andrea Moore
4278ae82-69f6-43c9-a4be-f87f89b77451,Omar Tyler
9a4d33fd-2e38-42d6-a9c9-a2a74c588fac,Tanya Anderson
66d2c1fd-45de-4fe1-af64-208bfe4bcb26,Elizabeth Miller
aeec3a9c-012e-476c-a798-ed478d54218a,Michael Mendoza
a99ac7fb-9e76-41cf-babf-10a21c10f141,James Gutierrez
0ade303b-06f8-48d1-9000-adc0db5f8192,Michael Meza
dcd6f069-4b7b-415c-9c0e-9da23ff943cf,Cameron Martin
0eae584e-2c78-45b7-9a67-22566b729419,Terry Rice
96e47932-8f10-45cf-a19e-a9a74629a1bf,Joshua Mann
67bb32f9-90f9-42b5-9b33-b611d71ab00f,Jennifer Singh
1e6446a3-a14e-4d84-ba78-0fb120b9d749,Nancy Rodriguez
171a2b29-e1a4-4f68-9d43-8b4d222beec8,Lisa Mendoza PhD
bedab204-efb6-45d2-9ba4-1ba2212729ea,Amanda Hill
eedf7b8f-399d-497f-9ca1-5b83b6074721,Eric Adams
1c1cb678-1e25-44d4-8f8a-4e26318b0cc5,Lori Butler
2c5f0c0b-7523-4c23-9985-5fd63c739520,Maria Cherry
392fcdfc-2228-4f81-97c6-375c58b26579,Allison Clark
c4062644-e991-40ee-b580-c5ed5cdc3f43,George Bennett
5f3df116-7c35-4570-9e25-d2b36e26ecce,Brian Davenport
6838669e-d959-4702-b054-93b48331d3f1,Christopher Brown
eeb6a943-2a50-4c62-87c1-58dd8fe9fa9f,Alyssa Alvarado
40f5172d-6745-4d37-8231-432fc5a2d584,Michael Steele
b1eccd82-e707-464a-969d-c76c1a4e3692,William Valenzuela
ddccf9e2-2a74-4796-95cd-1636e8000220,Melvin Ingram
56422752-7acb-466f-a45e-4c54b9212552,Courtney Evans
1fa73388-097f-4078-90f0-b3b738e506c7,Martin Greer
c9135092-43c0-4f29-a135-b9efc1bff3d6,Amy Dixon
3c2cbb66-8652-4f7e-99a0-64bed31a5bca,Gregory Moore
77d715d5-2e0a-4a04-92c6-e420d7277aae,Savannah Nelson
a0ddc7a1-5c09-4b80-939c-9b8b8abf7d6e,Annette Turner
2e8419b3-a024-44be-92e7-1eef08c746e7,Andrew Rosario
ee91e689-2064-4848-9cd2-454375b402ce,Madeline Smith
27c3a1a7-9c02-407c-9ae7-e3b9e27f868a,Dr. Erin Turner
f1cef4df-a6ac-49b9-99a4-6755b7bbe51c,Jonathan Moody
5379a108-a72b-4256-b283-aa1784452b8d,Carrie Mueller
3b230d6d-0220-4363-80e9-ab2994012472,Kelly Bennett
c68f024d-5f1a-439e-bb60-6df77fff4f38,Abigail Wolf
589b6a07-1d35-4756-96ad-29fafe3ab0fc,Teresa Perez
d2e408b1-af77-4f5f-886b-7027054f4249,Madison Mann DVM
6d77a583-f39a-4562-bdb5-69083435fb2d,Michael Flores
6ff7793d-2bf5-46db-b0a1-ec7a94e16c4d,Brandon Ford
b4107d6d-0dc9-4874-9ac4-3ad78e47a9fe,Derek Lang
74692e41-0000-4523-9b9a-692328b8c2ac,Sheila Lewis
c24ed747-7061-44c9-b93a-985f51f8cd48,Charles Bolton
5400c703-c6be-444a-a132-08bec30569b5,Daniel Schneider
33c4d611-2fc8-4401-9957-807d722eae8c,Tamara Wallace
2e2751f9-7808-4b91-a6a7-7433aa038e81,Adam Reynolds
39b4efba-5246-44d5-9ec4-b355e3e56b07,Daniel Marsh
dd568328-d064-4fc5-8698-704b01991f83,Brandon Fisher
0e91f89c-ee0b-4ab7-8ea2-28cff73c72dc,Mindy Wagner
1188dc9f-d2f1-4102-bbad-7d5d4a1e70fb,Michael Harrington
519cf6a1-4150-49e0-a762-31f141cbd498,Melissa Roberts
38e44e97-d4d0-4202-9d4c-7339b24ac5d8,Kevin Mcguire
8a621591-9870-43aa-87b6-7892070b53a0,Margaret Hart
9843d4a2-205f-4390-8505-7400e324e97d,Jason Rodriguez
b310d178-6b77-42e3-b5b3-0533d0a95fde,Alec Ayala
64fd7c9d-730f-4661-8dd5-67b45a291dee,Natalie Johnson
6ae347e7-bd33-452b-9bac-b43af0d5238b,William Clark
33fabb24-e7d0-44eb-aff0-c51f297cbefc,Robert Marquez
91f604bd-3cf9-40ff-ab47-f9fd1c04ae85,Lisa Martinez
6d67b8ff-3bf7-41d8-8516-179c8c4724df,Aimee Oliver DVM
1acc9003-4a02-4a0d-a4af-ee8f5ed7b9e9,David Freeman
73687e70-a636-469f-9101-1134d82ee83b,Matthew Harper
e9201f14-3662-45cb-aa1c-e8e9a1e03aeb,Marcus Wood
4692f26d-f9c7-4788-8370-a5fe08d126bb,Angela Compton
a62d03b6-3be7-457e-a824-c1614788992c,Janet Jefferson
9e2b78de-30b2-41b5-a410-35d900634a9c,Paul Perez
de950fd1-5a43-40da-9aa8-e26595392b4e,Andrew Johnson
6429764a-fd69-4743-b0bf-8eff4910e2ef,Melissa Allen
28e868fb-757d-4aef-a281-e2e6d84f6eb6,Catherine Navarro
8a286762-a563-48a4-a55d-2206a6bc6418,Faith Duncan
985c3f6c-0303-4195-9cc3-fbcb653b04d3,Harry Smith
0ad6c657-c03e-401e-b5cc-496ae09db9d2,Wanda Diaz
46c72e79-7c92-46dc-94f3-5420feb5932a,Adam Barrett
9f8550ec-1c59-49fc-9ad1-55dc32233bd0,Lisa Jones
3fc63ee0-6215-4938-ac14-209b6e739e5f,Janet Martinez
83bd3e86-0f3c-46a3-bff1-5ede74524d55,Mark Barnett
35666447-6d0f-4f6a-8c3e-d952da3c0446,Paul Gardner
d72955ee-1b1f-45a4-b6c1-58baaa39a1ff,Susan Hernandez
e9c31184-d65e-4e9e-86ff-6be6c297fbbc,Brian Brown
9d51a7ce-07c7-4e56-9972-bba2084defe9,Corey Francis
c4141c2f-0ca1-4ccd-878f-89430703e0d4,Valerie Russo
1d1efdba-a47b-43f8-b19f-1f073923efd6,Nathan Murray
ab0b35d1-e764-4209-bf7b-f2f9afa41d47,Timothy Young
34673871-9264-4373-91b5-81becd4bd254,Brendan Rodriguez
f34d1526-ed60-41bd-9417-a34fe326cf48,Christopher Ellis
60dada60-76cf-4af7-9b5d-fd6cc845d69d,Catherine Robinson
b9f39df2-be30-4b0b-b580-32098d838ab9,Nicholas Mason
08a197d5-f407-465a-8065-42385c72e138,Amy Robinson
e300f5ae-9d00-42e4-9cfa-384a9dae1ea4,Stacy Lyons
34604856-2538-47a8-b423-43411e9ab538,Paige Gonzales
68b2fa15-05d4-41c8-bb46-8ef2d9eb8a84,Nicole Russell
839924cb-a2ec-4326-8d68-49d43efd2bbb,Megan Jones
b89f6797-11ba-46e8-a5c3-3fdc138d6428,Devin Cabrera
1da8c73e-1a8f-4627-8b39-0cf81708950e,Dustin Macias
7d6d6cd0-f046-4137-94f8-47bb90c24346,Carla Jensen
99f9af35-08f0-4552-a21c-c091bc7866c0,James Mitchell
38c8aa48-d1f3-4eeb-b746-a178676885c7,Dawn Keller
0e2d129e-2e23-405b-abf3-6b6c12da6a5f,Jonathon Williams
302656dc-bd1c-4d5a-93ca-8fc49b1d90cb,Savannah Murphy
67749ec8-fe43-4f83-a947-b7a49b8bc6d9,Michelle Mendoza
9aae0929-1374-4864-9d24-33b4ef6b98c5,Jim Moon
d25e887f-bf33-4c7c-9084-5c32b7bb3f03,Daniel Cuevas
9c41c50b-78c2-4a0b-a698-39ec5d77fb15,Deborah Peck
b66673ca-dab6-460a-961e-a832344067bc,Theresa Pennington
8b519ae3-588c-4eb7-bf5f-507295da34d6,Patrick White
50359127-2f66-4630-91ac-f72fe9174928,Jeffrey Smith
2b443eb7-54d4-4a70-b0c7-7e8809b91f2f,Connie Collins
e89d1213-2046-4910-b373-9464d02ec20a,Katherine Spencer
4345bfa8-b589-4b65-97c0-324fc97423d2,Vincent Carr
f9675256-1ebe-4d28-8b8b-1732a1551556,Leslie Mckinney
9d4875e9-1004-4cce-9cbb-411033133516,John Henderson
d02b104d-1aaa-4b27-9de2-9a7d69c23e89,Shelby Ray
3c7375f5-f36a-46eb-b1cd-c7fc1ce9b3d2,Jonathan Lee
00f988c4-a5c7-4404-80ec-50e5de57aae3,Steven Carter
61abe132-8d9f-4090-81a7-6e2623382949,Elizabeth Montgomery
4ecdbcf8-661e-4afc-866b-6076550bf41c,John Lowe
60256fd4-b68f-4234-b242-2185880767fa,Heather Ferguson
0a4eb8b0-15a3-41aa-bfce-86fcee49b6dd,Tony Mendoza
ee608a16-8ffb-4add-8a9c-dadf2a3ad5b0,Shawn Burnett
6d309ded-d66b-44a5-9b4f-98d1f41fb828,Shirley Stone
e67e17a9-c1f0-4de2-b9fe-60ac51493e80,Katherine Roy
52ab991b-18ee-4b77-ab01-60265f764915,Kimberly Rodriguez
3162f768-fa8d-44e2-8da6-ea89730601ce,Larry French
808b924c-2e82-457f-b0ee-05154c3faa71,Kimberly Nunez
09657efe-ba4e-405c-8341-db57d05cae7e,Lee Hill
cc925aac-f529-4ce5-9dc2-6d22b484c2d7,Dale Colon
4508f6b1-022a-495d-9453-e6aa3f23117a,Cheryl Jenkins
69be1cc6-85d3-4a0a-9345-8835582e7539,Joshua Buckley
ff493aa6-628a-441b-ba8b-5da2bc72aa43,Kimberly Mccann
2cd16ef5-62f9-4090-a46e-0484d93cbdfb,Ellen Crawford
65c9daca-04e1-4f6d-88d6-89a9dc968718,Ryan Serrano
c9099c4f-cef6-4038-a364-328626c28551,Darrell Logan
aa4262ac-ee76-4d09-9238-f732c85ec94d,Michael Morris
b0e46fac-6d67-4c13-831c-513c33c19500,Daniel Smith
9ce61dad-e7f8-43c6-bec6-7c445cf74684,John Barton
b193f970-7308-4d10-b947-ba034033e8a1,Lydia Khan
c381e9b3-0eb1-4148-aeb3-985f73b8e39a,Kimberly Johnson
c55e7c7f-1664-4176-bd9d-0103b52d6c24,Melissa Pearson
dafe56ad-8d4e-424c-a7c3-ef2eedbcfd03,Edward Whitney
2784fdf2-fc6d-4f7a-9b3a-04c29f6e2a61,Katie Keller
6c2f0d3e-96b4-457e-ae2c-6404c903a699,Corey Mueller
2c72f825-91e1-4db0-b7bd-dffb11d99c2a,Scott Ray
d553db80-4912-474d-af16-13c3ba954326,George Farrell
e639cf3c-c95f-4175-b5b9-02239f2783a1,Brittany Thomas
7fe4e43c-5989-4df1-9b35-5b84fa5416b9,Hannah Benton
d70f38e9-b737-4de5-ac49-295696a447bc,Daniel Davis
227571d9-d326-4c05-80f9-71823dfc782d,Michelle Herring
26869861-c887-43c5-add2-d6ca02734f0d,Patricia Patterson MD
25bc2720-a1bf-4c1e-90e9-97a9093b11fc,Kevin Booth
bb7f525e-9cfd-4edc-9857-453ffb116315,Taylor Smith
9f860e9f-9cb3-46a6-804d-4d32de5c4d9f,Amanda Harper
93d391f6-3bc6-4997-b046-7a00f384f43a,Jonathan Rowe
43c6545b-225d-428a-9552-5f14fa45b136,Daisy Johnson
7fb2c3d1-efe4-4928-a21d-6980e4d18449,Jermaine Young
7aae3cee-189d-459d-9e33-fc52439828c0,Robert Mitchell
5e2b5bee-9dd9-4766-8daa-7b62a2ff9915,Melanie Davis
91b4d42d-4395-47db-9b84-8f0c58c148a6,Cynthia Owens
3a8849f8-bdcb-4b50-9a4b-3b2142b3a50f,Angela Roberson
d13f6d47-487c-4867-baf3-8dddcbcfcc18,Angela Vasquez
c2b74420-3b0e-47d4-806b-57f033f4fc3e,Thomas Armstrong
822ec929-b4cf-459b-b32b-bb8266c98c1c,Gregory Rodgers
ed8bb1a1-1598-4732-ab4d-e5cd9c7c0ee3,Douglas Burgess
3ee80e5c-2d71-40ba-a4c8-e052c8c2b963,Brian Porter
7f126ab3-e1eb-4f77-a712-ff2b547d13d2,Matthew King
239ea625-bcfc-4d6c-b45c-3b509aebe183,Kelly Miller
a78f8e98-e9bb-41d8-a9a3-fb3746cf9637,Larry Roberts
ec659e36-15bf-4c57-ab87-a144053b5ad6,William Lopez
d1e06d6f-e2ad-4193-a23c-222e8cd22fb8,Louis Davis
b4864671-f2c7-41df-92ac-97a4408311ec,William Kelly
bf9dc515-3e19-410e-ac0d-17db7293ac5b,Lori Hall
4782a7e5-3890-4219-8bc1-44c25a0d7db9,Nicole Smith
3a8e8601-dfb1-49a4-9603-1fc59b7d8acc,John Hartman
41731d71-ec45-4b11-ae19-5fc87199865d,Natasha Carter
39eaed90-0191-4e6e-baa9-6b1593f4b70a,David Curtis
fed27a13-b189-4883-a290-ef06f1a96ea0,Emily Dunlap
463b870c-673e-4ad3-982e-227b9d38ce47,Sarah Miller
b27366bc-e373-4778-a0fb-d6a7c131bed8,Don Duran
2cb0d493-75d1-417c-9add-e3337748860a,Don Valencia
df9de4c4-77f7-4249-801e-9685bb2c4e10,Kelli Williams
9c23eab0-bf80-488f-8e64-6f98f439ca86,Glenn Lee
a891a5db-5d78-410d-9927-d809943d436b,Dana Gentry
bcfdeeb4-8e49-4aea-a4ea-63693b3fe107,Michael Cruz
bcddbc29-9b15-4876-a67b-e185ab9919ec,Nathan Cox
0775d3b3-5fbd-41ec-9b32-751a7c7b1cfb,Douglas Vasquez
dca9676f-65b9-4b44-b711-1a1f760e79c0,Ashley Smith
cc693486-06f8-4a2a-a5eb-2143075e32b5,Tammy Green
5890d0c7-77d5-4e7c-ab18-f70c7a878610,Sharon Evans
8753b7ef-b848-453e-9f43-7b8ea50ac42b,Susan Johnson
ea93496e-5b09-46e6-8703-931c3443602d,Robert Everett
60c205a2-7e9b-4ac7-8db3-9a490d3de6e8,Derrick Smith
62400cca-4ef3-4ebc-8129-d66a5e3b8ce5,Jacob Ingram
d88b40cf-1317-4982-bac2-e4ac9b50d3da,Michael Williams
cab94f70-1bab-4e17-a09f-b674b7dd590d,Chelsey Ramirez
813f7dda-1e20-422f-92f1-fbb88215a49c,Natasha Johnston
8ec2e62f-541f-4fb1-9e77-3c16c8938725,Katherine Ryan
ca38449b-f4ea-4d15-917e-0cdda8a5f33f,Courtney Martinez
3a183d8f-f719-4c26-844c-27b8af5db3f6,Michele Moore
2bfb6434-a726-4f6a-b4d9-90f6a7b8d156,Elizabeth Walker
778415cb-9d25-424d-a807-95265e73eebb,Wyatt Hickman
3c4dbc43-792b-41ec-a10e-3a7121cf4549,Tony Murphy
4061edd2-1a10-43a2-a051-a4c5581d4d93,Andrew Perez
e7976566-5dcf-4fe3-bbb6-0e33a89ac1c5,Wayne Baker
5e99a732-4e23-4913-8e4e-6b061cea23a0,Daniel Chapman
8006d62a-8ffa-48f2-9df6-fcb73ccb9e1f,Jason Jones DDS
2a302d78-1ef8-49f9-872b-2294675bf8a8,Michele Mayer
89cf813e-9bbe-4b89-b5f7-0cd197ff51ba,Michael Hensley
ab98a35a-d384-4f70-b22f-cb05518e54d5,Mrs. Melissa Bernard
8951a96e-3214-4a5f-a45f-8500cd021b4f,Francisco Parker
9e73b05d-6711-44d9-8a89-c52035f8c53f,Lindsay Shepard
32cb20e8-bff8-4eaa-b25a-76e54627e469,Julie Dillon
3403dd82-e789-4609-a8cf-85891537b6c8,Calvin Strong
3b78cf55-1498-4c48-9f8e-c512547a3950,Jeffrey Foster
5915449b-1728-437e-ba14-4a4b8b543e8b,Kathy Thompson
a28da80c-8394-4af8-9e21-3cc5c4338db0,John Phillips
a6f234f0-da8b-4759-af8c-20c35bb69c25,Amber Clark
690571e0-b903-4586-bb9d-5dd346f5874c,James Lopez
904bdc37-1f74-4c21-8509-2d58cc03ff3a,Mike Mills
b88c061c-1dbe-446f-8382-d3470968507d,Christopher Pope
58ec61d5-8e93-4512-a88e-9d3fb32fb262,David Hanson
fa5959b0-adb6-40ae-a718-de5b789af08c,Jeff Brown
30fe56e9-42e3-4cf0-80bb-bc836b6cb844,Jody Hale
a921017e-f55e-4995-b766-6bf4b4101f8e,Lisa Huber
1799459e-8c40-4b8e-a493-f450fc9dc23c,Derek Marshall
23f7f701-c133-4ecb-9e77-4d9ede402ddb,Christopher Schwartz
1322dade-3a86-4970-8111-d63d55efc8db,Shawn Baker
5414ace7-1421-4594-9a7c-1f907144d30e,Daniel Wells
5dfed6e0-18b4-4d83-9109-eed77d070387,Michael Schultz
acb0cd09-b31a-400c-9291-63fead3a4ea7,Joseph White
cd61b0e3-483d-468f-85d3-549f2250bd3f,Victoria Terrell
71d2bc98-4f51-47cc-98d9-02fbdb544983,Natalie Hunter
9439af2b-5e4c-42af-bb21-7852ce36d627,Mackenzie Torres
611ed014-8976-4b5f-be73-2a628ba0a36a,Jacob Brown
0db15f21-a0a0-4f25-a54d-dc9439fa5b77,Samantha Ward
f566b6b1-6baa-4a5c-ae40-885a5ec8d8bb,Jean Young
22b8cbc0-3cbb-4d62-a2f1-5a885f10c899,Max Daniel
5bb3c541-3bff-45cb-a64d-5eb0e8ec0476,Gregory Werner
6a9ef230-29e2-47aa-8d21-2e011cf30d16,Paul Gomez
257d8c0f-7ac5-4f8e-ab18-8ea2385d14d3,Jeffrey Boyd
261709da-17b0-44a9-9f02-e52fde528186,Diane Vazquez
ed8336a7-df35-4e87-8520-88fcc8dd9325,Nicole Johnson
8e40e620-844b-4a9d-b050-4dae341f3255,Katherine Berger
174b5c92-4ace-4dd2-8ff0-50cc916f6b47,Nicole Curtis
19215007-4f78-4242-8bd3-cf5e4b5e5680,Robert Allen
7c5c8606-c09b-48a7-a235-f84ebe439469,Carly Harris
ca28a4f2-8c41-4908-a6cc-d280cfa0e8be,Daniel Small
1c0e1248-1904-4c87-96b1-37eef678468a,Miss Jacqueline Green
b5c3a8bb-8735-43f4-af65-80f64493bca4,Pamela Rosales
cebba615-362f-43cb-8cb2-c85e5275349b,Patricia Williamson
90ce113a-314d-4b67-bb0b-2453862cc207,Mr. Nathan Petersen
4aa612f1-cc7b-4164-a89d-6d6046f8dad0,Elizabeth Ryan DVM
27c9f834-f45c-491a-88c6-c77c1f8f85dc,Nicole Perez
55710514-b7b1-4997-9d7e-7f93a0b2c2ba,Dr. Ryan Wright
f201c93e-445f-4bf2-97e6-347d2cb90917,Kathleen Lucas
740c43eb-907f-42d0-8294-10901b55bce1,Linda Carlson
eb1edd9c-6941-4e7a-a281-a7ecf7a90f7c,Gregory Anderson
d72a9bae-25ea-4aca-8381-fe953c57263e,Joshua Proctor
34f547f4-7bcd-4e60-9dcd-00a50deceb4a,John Farley
5728bbb9-1f7f-4f15-a18f-4c57c1e8190d,Mark Olson
1ee905e8-e5a0-4598-aca6-f7c7600c1f1d,Brandi Douglas
73c16358-5cd5-4257-aeb9-c7c9087263c7,Lori Murphy
1b4dd7d8-8c4f-4418-a61e-2e409a1b1a21,Casey Howard
17c71a9a-835d-44ea-b6b7-b885e0fd02a3,Jack Huynh
ae9436c2-d370-4df1-9475-b6f337a4f34a,Jennifer Manning
36f10c25-1ac6-4d6e-bc35-bcabf91e6db7,Lauren Waller
3f9ff099-125a-4f01-ad61-ecd272053ccc,Margaret Bass
e62de7c6-dbf4-438b-84f2-c860e015e844,Joanna Hodges
3128e007-f8c3-4263-aeb8-056d5fd9fca2,Kevin Farmer
a3d65872-91c3-4754-949f-74309d51cc6a,Madison Davis
ef6b1c4d-8e75-4d8a-8840-e4cb8d128f85,Michael Hernandez
c7e0f58c-9399-4971-81ec-eab25f106350,Tracy Munoz
1f32939e-0a33-4b4c-96f8-850b5ed38a1c,Sara Martin
da1b0a0b-fbc8-4acf-beb4-95966644d7eb,Jason Krueger
991c2af8-c8be-4a63-a2c4-aa3e036ea5b2,Robert Black
7e5aaa00-658a-444f-ac25-c1d7fe27d66a,Matthew Grant
cf99fa44-71f6-4e79-8d2c-a800c285e81b,Misty Townsend
5eddb105-21db-4b00-8f0d-99f6367bab5c,Jason Garrison
ea034b68-46fa-4a69-a69c-983a5639cdb3,Cheyenne Briggs
065db603-0f64-4c9b-b110-bea6c4e9f9ad,Diana Taylor
6a753004-0c52-423b-83da-3c670223bd5d,Matthew Jordan
8eef80a8-0a52-4d96-9a98-f966727cdb31,Mary Ellis
c4c7c6ee-b65d-4307-8690-ccb93c214ea0,Teresa Moreno
165decdb-c229-4cf0-b3dd-2f70395afb64,Melissa Brown
c4692c16-1d71-4aff-829c-a548a3bf549f,John Miller
d6ea4020-c882-40b3-9114-afb76a85f3ca,Joy Peterson
e54db450-66d9-46a0-a7e8-2b426e2f0da9,Steven Hall
8951c6e7-8ff4-4e5a-b636-ed3d3c367386,Jonathan Johnson
e87842fe-e8d9-4bd0-9bb3-166f0571b004,Rachel Martinez
0e45c9e7-6d14-4920-ab68-ef5123bcd8f5,Michael Bryant
fc17848f-8a52-4d28-9e09-ef763d4e2afc,Edward Carrillo
eaf5f3c3-3c18-4381-8dd1-9b963c6723fb,Anthony Rice
5e2c3a42-314d-4c5f-885d-0c48fac8016f,Edward Ortiz
a296d63c-3983-4fb2-930a-f4574e5c8bf4,Gregory Good
24863857-bd5b-4216-9e68-6dc0c1ec1926,Jeremiah Smith
a33b4ab0-f569-45ac-b662-e5de6d17e5b6,Jeffrey Barry
638380c7-5882-4a26-9b22-bd48fd46301d,Jose Fox
ba9463ff-0f9d-4825-bed4-5b371676dbd6,Jennifer Davis
dbb420e5-5ba7-4054-9523-0f6b8e14db59,Valerie Bonilla
c0a0b62f-4ff5-4ba3-9aac-2adcee7c79e3,Yesenia Mcknight
1192e76e-e762-4e39-a4d1-7daf79c27c75,Janice Valdez
3af207c3-1ad5-4df0-86ce-2a71b2ac358d,Benjamin Adkins
6b3eebc7-7a10-470b-b158-2fb24aca03fd,Robert Perez
ab8b4daa-129a-41b5-b5c2-38524ca85a0a,Henry Strickland
ccd1fc0c-98ef-407c-add6-13b58a154650,Daniel Burton
f40cce6e-af83-4207-be4f-ad4cff6f7ca8,Sara Powell
8877f755-267d-4a85-a8bb-0aabe722e0af,Emily Farrell
b201d8dc-e519-4193-912a-d0de0382ba38,Stephanie Price
c9dc5e04-180d-4c87-b87d-5a5779fb1ccf,Emily Parker
3aab7aef-b10f-49c5-93de-d55ac3f6ca9e,Ronald Jones
9dfa76b7-fe3d-49b4-b650-fd80e52fd58f,Christian Young
3aca538b-88dd-4c52-80ec-2adc3d23926a,Heidi Randall
413bf7d1-2014-4d9b-916c-d68393ff3b68,Amy Roberts
cbe16884-7068-4828-939a-25fe264bc42c,Brian Ford
8913f9a8-e7cd-451d-b7e3-1b4eaaca4d24,Jesus Padilla
2ea31d93-7fc9-450d-b2be-789ed99c0434,Darrell Cox
59c03e8f-381a-418d-a209-5e9a4e9a5dda,Steven Huang
9635f2c9-dcad-4d5c-8106-25113651701b,Gerald Castillo
39ec943d-7694-4895-b8c4-30364c9e39be,Christopher Foster
6232eee8-74ed-45b3-ae2e-f3a01912a1a8,Dana Ballard
6bfbddfc-dd24-45bd-92f0-6da66c23b54f,Walter Allen
d41cd82a-ffdf-452e-893a-c45a690bb58b,Jennifer King
99adbc23-565e-48a7-a233-2cbe4d17d5b0,Carrie Welch
7957f715-729b-4b7c-b450-e2d767da08fd,Richard Jones
3cdd683c-b13b-487b-a0ea-570a4c96594e,Tyler Spencer
9e86d443-34f2-467b-9646-b839ce763bf3,Vanessa Jones
13e5ffe3-862a-486a-bded-4c2860ceb6de,Christine Miller
68485068-bf87-4fc9-b076-11d5b1707925,Diana Robinson
4dbd8497-8e9d-4ea3-b094-400476df466e,John Jones
27300199-f1ef-40c7-915a-a3f8bb8ef24a,Ian Tapia
5daebfdd-5977-4076-bbb7-e40b4c6d776a,Mary Ramirez
206891c6-e754-43c5-936c-42c8140b54e0,Matthew Rowland
05179511-b97d-4f27-a9db-f2bc5c232416,Sara Stephenson
61c26598-6d8c-49f1-a19f-816334fa6c7b,Shirley Kim
6d8fabcc-8c60-4a4f-bbe3-685def89826f,Meagan Robinson
6a329732-f3ee-49b5-88c9-e16dedf1aa29,Jacqueline Palmer
bb77db6f-5225-469b-8e51-b52bff65eba4,Maria Garcia
1dc0f5d1-d962-4e09-8d59-5d3e013790f3,Dana Hensley
c6502f6d-5ab2-49c1-b801-ebf4762d5103,Leah Miller
fff64b50-64c6-47fd-872b-aff0eb632b28,Mark Guzman
43772bd8-f467-436c-bd31-ab46d7a9d878,Anna Hunter
9171b98c-1bc2-40ea-a475-df52503f47e3,Sabrina Hall
8978d031-13b6-48c7-bede-93cb070793ff,Benjamin Turner
f5dbc74a-4d82-4e92-a3f3-370568e0d9aa,Jeffrey Torres
20e73622-40b2-4cd3-b391-4c4e1049e523,Ashley Jenkins
fe4ddf3e-2e4a-495a-9da4-8cc79858bb82,Elizabeth Lynch MD
4e4e6ee5-ff02-48d7-b099-db991a4610bb,Bradley Monroe
c7af055f-b522-4b02-8de1-458c3b77f28e,Kim Moore
5910acc4-93ad-4e51-93be-b2511d8f228f,John Gross
8ae26cd2-9eb8-414c-b3e0-f19f41abb17a,Brett Brown
a147f44a-869b-4c8c-92c6-ad63bfc45e58,Kathy Nichols MD
58da4874-47bb-4252-8478-5fdcca4e9379,Jose Butler
b8e30c6a-3b53-4100-9715-bc419e5e9a39,Dennis Sims
aadf7b29-f607-49dd-b827-293ebc57ea60,James Ramirez
892012cf-e812-47a0-836e-a0b1e037a90a,Luke Bolton
974d0da7-9f93-467c-942c-c5cd6638e91f,Victoria Cameron
6042837a-0870-47bf-8928-2084ad891a7d,Christine Morrison
7649fe66-ddf1-4571-aeb4-3830be7b8a5d,Zoe Graham
963f6127-bd27-4e2f-b612-f81f737e6ae8,Samantha Arnold
7e4e0012-68b1-484a-877d-43e30c887adc,Mark Lucas
19474188-8de8-4db4-8c0d-4e8d2f20ef00,John White
d78513eb-d0ae-4cdd-963f-259fbb84366f,Dawn Thomas
380a9bc1-f7fd-4e1f-81f6-7180fd04565a,John Yates
c90a2747-d884-4ada-b773-c9e9f57dc8e6,Matthew Reynolds
8ddf09d0-a7a7-4f23-86c0-000a8aea3d78,Rachael Kelly
5e72e672-94ff-4811-9b21-a9159f7222f0,Shane Barber
60605df6-8b5e-4723-b12a-ece06a1355f8,Anthony Allen
c7fba221-346d-47a9-9e19-b2c41c912474,Cindy Gomez
4f880836-7090-43c1-8f19-1e79c2494089,Alejandra White
21b8953a-ef45-421c-83fc-77631a2016dc,Jacob Richards
74e90d4a-9729-4447-a154-5b437a0d6fa8,Brendan Figueroa
5e3ddfb0-5f6b-4957-ae20-d9d593084ba4,Christine Morgan
71afb60d-3345-452d-9cc9-711df700a49b,Courtney Lee
7876f9e8-e783-468a-909b-e43eef970918,Keith Burgess
6e97042e-a189-4094-8a62-d99e7fb7b08d,Sonya Moore
10424d3e-a34e-460e-b017-9cb699ba7ba2,Dana Simpson
137e3bb0-92c3-4517-af36-68700f7f9a59,Kimberly Gonzalez
3ac92978-1463-40da-ab43-f26beb4bdb3a,Stephanie Dorsey
2a9acc39-d6e9-4936-a645-ea9934308be1,Bradley Gonzalez
e2819911-c77e-4852-9717-3b45a5c3e134,Stephanie Thomas
6e7c4c5d-4e00-4f56-88d7-00b9fb686ced,Robert Carter
d288a424-e8d4-44d9-9b2b-a09838dd39a1,Krista Young
80093cfc-3edc-4b5d-8aff-49201771df97,Jessica Griffin
37602530-5253-48cc-8741-13e799754c1e,Stephanie Campos
25c57d06-2b4a-45a2-b3cf-269c3a8e49af,Teresa Williams
0d76d199-9a9a-4cd5-a086-b47c597f4a32,Kathleen Williams
6d9c11b9-da8b-4881-b668-6c646007cc1d,Johnny Lynch
74581a9d-65ef-4b47-890e-8e232a51cd3a,Carlos Campbell
930e02fb-8b96-4fab-8aa3-768db475c133,Richard Lawrence
9b790a4f-cd0b-41f1-826c-03aa22e83746,Stephanie Reyes
2df50b80-211b-4ba1-9ac5-bd616e515e32,Megan Faulkner
56542384-7de9-4501-94a8-e389362c5b95,Jeffrey White
e136adad-6f4c-4179-8fb5-180b5a38a400,David Smith
6d705f67-1c0a-45b5-b9e6-068f559bf432,Mark Garcia
3bf15a8a-5af0-4dfa-baf6-0b60ce3e1463,John Chavez
567affac-26c1-4b5c-a00a-707a2030daa0,Charles Carpenter
346e3c92-b332-4de3-bc55-20709e4ce492,Jason Henderson
aa73a443-5d1f-4f6d-a138-8400cc1274a7,Rachel Willis
663641de-ced2-4140-9a6c-f6eed58612f6,Christopher James
80d545d2-45de-4b6e-a0b7-f6f60fc6f7ad,Johnny Ward
64dfc1e8-7e5b-4914-97ce-d62ac3b11a53,Michelle Patterson
a38ddeb8-7916-4d9d-aebe-da3ee0c02010,Rodney Brandt
806767f3-3e7b-45e4-b893-90c18c0991e1,Anthony Simmons
bece3376-173f-4041-bb15-6d7673dd6e2d,Norman Martin
4e5c948e-9517-48cf-9cfb-b5dadc56f458,Allen Harrison
a29741ef-0092-43d6-b25d-f155cef7e54a,Clinton Knight
96033b2d-6d27-4402-832c-adfafb0a3f31,Joseph Pope
840941dc-a821-4e32-a15b-111cc79eae4b,John Wilson
767a7735-2ae1-4d8f-964f-1f62a6743748,George Sanchez
a595916d-afea-4e61-acce-7553c75676af,Manuel Mooney
e6a89e60-dd74-43ca-9435-5cdc11aa9463,Justin West
ff5f0218-a82e-449f-a597-6605e0e5b92d,Christopher Smith
6116e064-76c1-4b07-a2a3-e57d56b8551f,Adrian Harrison
ab534806-5d88-427e-9f74-bdf17f4ed40d,Anthony Ramsey
e345c1f5-6058-47b1-96bb-06aaf930e9c8,Terry Simpson
edc5f43e-287b-435f-b5d6-276f776602c3,Kelly Wells
d56c15f3-4736-49e3-bcfa-a2524306ed18,Mary Harrington
19e1c453-f508-4bf4-a22b-a2432034a6dd,Jason Clay
1b4dcade-c84b-4fe9-90aa-16d472553156,Maria Macdonald
ca12f3d6-a55a-4fb0-a432-2f4026e8a2a4,Michael Davis
9007e3ea-0565-4e7f-a6f7-63569715b9f5,George Shepherd
adc8fadd-8fdc-44af-9bb2-5e001466870e,Cynthia Gonzalez
66d8bc23-560b-438c-b3cf-6dad125d662e,Taylor Hudson
4cc80cfd-57cb-4fa0-b7b7-e161238018af,Tina Grant
d5799b49-e991-4a94-be18-5ab57ac59a60,Brandon Lopez
8c0ed789-0e9f-4428-8c9d-9119125c5c05,Melissa Mcknight
ab357ba6-34eb-422c-9629-68e3280ddab5,David Thompson
84f28d25-a205-4429-91cc-712bff5eb7af,Dana Moore
f1e6396a-57ea-4230-8178-d6e99f8d8861,Kevin Tucker
c72ec12a-246b-4602-9a8a-2ed706200daf,Samantha Miller
4bd0bad2-2607-44aa-904d-7d1c101ff0f8,Paul Barr
98733376-ef2d-40ed-9263-97815a84a83f,Richard Li
fe0963cd-b916-4a78-bfe6-66844aec8a34,Thomas Watkins
d71d3914-b636-4dac-9252-a85717deb38f,Nicholas Meyer
caa33401-88b8-49cc-8fc6-37f160c281a3,James Graham
ed450993-f0ad-4541-848c-cd0621b2297c,Ryan Davenport
d7955178-44fc-4111-b4fb-b4bb5778bbff,Shannon Taylor
cb147fa7-f3bc-4f3c-924b-40e47024a4d2,Rachael Stafford
f1cecfd0-07c4-432e-b622-f8bbc0569e13,Caitlin Vasquez
c7515f19-dc06-4860-a88a-6d8d5c2c9423,Michael Gonzalez
528a38d7-e830-42ac-b486-1619d2bcbb61,Carl Tapia
0861d02a-7d29-4a5a-b507-7ebc1d1b9a42,Kristin Benson
a98ff0e0-929e-43b2-841f-c3fda1b19e12,Melissa Gonzales
1229da9e-550d-4e0f-818e-671be20e8b6e,Jaime Wood
2b899cc2-f754-4057-adf1-6ee436eae8b5,Ryan Cain
f361b603-4670-4900-ae56-99c87fccbc06,Brittany Wells
5d6170b3-d092-4c4f-8322-cef27d87630b,Claudia Jones
3aee8cf9-784c-4779-9d38-251711c06b90,Theresa Barrett
6db26ec4-b8ef-46e2-a5ca-f7eb37607168,James Robertson
211da52b-f2c9-40f1-a4d9-cbe2847c4dc7,Ryan Jones
6bd09fee-8a7b-4fb3-b8c5-06ee8fd9234c,Shawn Stevens
1a45902c-83c2-42b7-b19f-0eb1467a477b,Sarah Smith
49156529-93eb-48eb-bae3-50118be93ea6,Anthony Waller
34d9a9be-eff8-4501-a05a-3b0c1d27dfe6,Megan Johnston
78d78e7b-9421-4f0e-877a-fa7e4246011a,David Baxter
b6a3eb4b-7936-4d21-ac7c-508940db11bc,Steven Edwards
98b4af19-048c-4dd2-8baa-a71038f4aea4,Casey Estrada
5111200d-7cf2-4c1e-ba4d-24f22774b69e,Christopher Thompson
8409097b-aaac-4ee4-83e5-a2ecd0e74487,Joseph Heath
8f50c55d-9d97-4ae7-b640-64204acb46ce,Paul Thomas
15928d25-b965-4d19-8f45-ab9b78f4b052,Amanda Kaiser DVM
00f1d90c-83cd-4a20-aab8-d922480e97dd,Amanda Chapman
4f6af344-027c-4562-b4ee-0634fb1e23ea,Ryan Nash
3157720e-cae5-4664-8138-d9b067e8a61b,Alan Cruz
d695e838-3807-4b0e-b8e1-4a6bab638896,Stacie Cook
1a87f680-c811-46ec-810c-fec7589da76f,Amanda Wolfe
a421a817-1bb8-485d-8b78-e04840ade90e,Denise Stone
550c057c-f6e5-493c-b33f-b7f19f6b647e,Christina Hall
73c39a96-6fec-4849-966e-432189c52a1f,Nicole Morgan
ba1cce6a-da70-490f-9d44-6ac60acccf73,Michael Harper
083b1f5e-4b06-4afb-8c53-21b5c326f652,Jamie Howard
cf9be09c-f7bb-4eee-97f9-57b139e02529,Nicholas Jones
48a02161-a116-48e6-af72-7c0a1850c265,Jacob Mosley
0fd938c4-0c1c-4df0-8bb9-fa4aaa7c8e4a,Stanley Crawford
389d5ae8-89dd-4838-9468-36089b80932e,Mrs. Karen Martin
33943ade-6ef0-4fce-b6e9-86f2e393e080,Emma Harris
dedcd269-1ea7-45be-839e-fdb7116b09f4,Matthew Green
2465983f-490f-42ec-bba5-0e9a0ca362c3,Heather Lara
f06c0c01-5638-421d-b97d-671270bd05f6,Ray Jacobs
f28b34e3-4635-41f4-a053-86ad3fdc9c17,Juan Walsh
fd5ecfba-d2dd-4f4a-82bd-bce2d2e9b4b6,Kristen Acevedo
a8064f8b-30ed-4651-aa95-5c05c68114b0,Traci Patel
40a9b5f5-f923-459f-bd3e-bcdc951ed1e8,Michael Smith
2a353e65-03a9-4515-b003-5170abadf032,James Lane
5142c020-6ad8-4097-ab25-d9a0e786a054,Regina Chen
3038269b-7b5d-495c-9033-7b6def487658,Ashley Martinez
62e2547a-f179-4816-ad88-59b492edb5a2,Samantha Holmes
14a671ad-ca5e-4fd6-b38d-23a958de4e33,Lisa Roberson
09a8a9d3-5f94-4401-b268-b6a493085198,Heidi Davis
964c238c-07d1-4dca-af8e-f0366aae424c,Erin Chavez
751ec7b3-1c6c-4828-a253-33dd80c92418,Angela Robinson
be635691-9e0b-4037-875f-51758fa41449,Jessica Hernandez
e579c64b-9a66-411c-84d2-89ca389f5a79,Timothy Ferguson
57b20cf1-a93b-463e-a55b-9a66e608d5a0,Tiffany Zimmerman
feb7206c-756b-4c26-9095-62e6dd05c225,Pamela Johnston
769abacc-cdaf-438d-89ff-243540a9192b,Richard Stone
ded65f22-b2e9-4848-b051-c7c8e4840a22,Kimberly Gregory
dc4af094-92c9-4d4a-be72-b5fe7c6da62b,Scott Young
830f0fde-26de-412a-93cb-d5dd31b39e74,Jasmine Peterson
6cc47e9d-ce55-4c67-b5f1-b67847ac65f6,Dr. Alex Butler MD
8eb6ba4d-a01b-4409-84c5-aa9a2851f4f8,Roy Phelps
4ddc3578-5bd7-4dc0-a769-5ed0c67dbdff,Andrea Obrien
0b583586-3699-4a3c-93c4-ff30c53db95f,Shane Cole
2f04bc21-3635-4882-867e-eabb6c9255c6,Brenda Daniel
06c90fb7-fe01-4e9d-bb96-376479edceea,Maria Fields
7477745d-797c-49e9-8fcd-e48e27e601dd,Wanda Osborne
9c26ccd6-6b9f-4bac-9e7f-3dc75d396515,Katherine Martinez
afbae299-f0ae-4045-8d3f-8196a6b6bd44,William Hodge
de40311a-ed4f-433c-950b-ca14ce2d4515,Robert Anthony
e79ffb9d-6575-4170-8b4a-43d5d841fc42,Julie Johnson
78e6a2d6-ab5f-4451-b4a8-d9d0f66dcc01,Christopher Benitez
8f379ed8-b907-4af2-a4c4-4ef4f3089851,Matthew Rogers
a05e035d-e233-4ce9-8ef4-3d3228c09ce7,Donald Smith
d82c4758-3b66-4c52-a0ee-9c214c1e67ed,Kimberly Oliver
51a4d880-0902-4ba3-b66f-31ab5c752dce,Catherine Krueger
90b3d704-fa3d-4ce5-8810-9d089ca5edd8,Edward Mclaughlin
ba894969-e905-4079-8a80-7ded5cc6c1c2,Chad Willis
287d01a0-619d-41e2-ac98-628330b0c1f6,Pamela Davis
51a13470-e5da-43a5-8a4a-f4dc3b5f4492,John Perez
46aade00-a04e-4a5a-bf4a-2d30a5f9c5ff,Vanessa Serrano
90b48c0b-604e-4219-84c6-165a9465ca0c,Christina Hernandez
40bbfd6f-0db0-4f34-bb7e-01e6ab342e69,Theresa Williams
ec7b7850-74b4-43f7-b3ac-f8be2ec1950a,Peter Green
ad5dfa64-0b9f-43a1-8096-0d8a48162ead,Patrick Holloway
74537071-59fb-4c7d-baef-07e700d5a2cb,Jacob Brown
3f9ea5af-5a95-4af7-879e-f06f8694a9d3,Joshua Smith
2b816619-99ef-4bbd-b8f9-3f897aaae018,Jennifer Atkinson
f616befe-8866-4263-9da7-6565caa6f227,Amanda Castro
9a236553-a894-49cc-8ff5-26724d09dba4,Brian Smith
1523df2f-0288-4574-8eae-127d039ec20b,Maureen Kennedy
241f1bd4-5349-4459-9f1b-4eeecf3ae7c1,David Fernandez
f4d1584d-e82c-4241-b8c3-7eeffccf9a0c,Lisa Lewis
0781c1f2-719d-4635-8d1f-1270794a8b09,Jeff Rodriguez
67b23904-e07e-494b-a522-157b119003e9,Mary Rodriguez
b4fe0c65-a6d9-47bf-94da-e38ec91faa1b,Paula Shaw
7698778b-ed7f-4a53-981f-86f8a1ae2bfd,Rita Jones
e4530696-15d8-48e6-8845-a407c1dc0781,David Perry
91542b80-ddb8-471e-83e7-a9b129a32156,Carl Middleton
8f63c056-4fc1-4b00-b582-002d5a163b62,Tina Schmitt
cf863952-7db4-4e7d-9452-a2f835572151,Krista Ford
6cecad1f-0099-4498-821f-899ae80057e6,Brian Thompson
071b14be-5f00-4f44-88a6-107a4265941c,Aaron Maldonado
678804cf-68d5-43b7-8d09-4b797642c914,Angela Kirk
9eabd59a-9dff-4931-a03a-c810e8b6e279,Shannon Martin
71dd356c-b0ac-4a69-9438-a045ce9c4172,Tristan Alvarez
80eb5849-e79e-477e-974c-e9c97260eda3,Shelby Wells
60d9b10a-5461-4aeb-800d-d138e15b42c7,Angela Robles
0b376908-382d-432d-98e7-cc370acadba8,Melissa Thomas
9b1eca09-b2d7-4fc4-943e-bb04228b67fa,Julie Foster
b8b72570-e70c-44f9-a560-90ab95ff0534,Mark Conner
dc49c66e-e033-44bc-9bff-0648c3a6b283,Mark Sharp
33d72040-89a3-4fb7-83eb-5fbe3634f68b,Sara Garcia
e46180fe-94d0-4ae5-9b75-d93c718b8774,Dana Hernandez
9c4de462-e037-42d9-af3b-64868c913778,Leah Rogers
e43eaa82-c0c3-4a9b-8c70-f43a70066cc9,Andrew Moore
a61aa6c7-638f-4c86-bbbc-6ce11b535324,Tara Scott
289c9a8f-685c-4a27-bd13-3ca1bd4fbb03,Linda Barr
53ea644d-1109-423f-bf3f-4a25c766b851,Jonathon Martinez
9636e240-a000-42b1-a1c4-e03f255b4492,Cassidy Carter
b16b096c-e5bb-41ad-b797-c35bd97288a8,Robin Brown
ceecff98-af38-4190-9524-1f39ddc4c3db,Sandra Hall
cafea9d1-10b1-450b-871a-df0e15fedb1a,Brett Thompson
82508a93-148e-450d-b34e-7214888b4374,Brandon Holt
a8e79dcb-936a-43c9-9d60-8d8bacb3dcb4,Michelle Thomas
0bd212be-2d4c-4281-bc65-83c7a22931d3,Robert Fox
0175187a-f294-41d1-872a-5f98cd977cb4,Lisa Yang
1dd002c8-ee7a-4a48-9e42-a12b4701a790,Gregory Turner
ed09e899-e634-4dc0-b46a-74d2b8d1fff8,Lynn Rodriguez
2a57d09c-d47d-4728-800d-4e64ee7b5750,Alexandra Carr
5afc9b45-a2d0-4cc1-b188-1a65a98a8e45,Mitchell Walters
e76ceeea-724c-4bd6-835e-0c772a9c6905,Anthony Franco
b648edd3-5c83-4b4d-96f5-1fe1d11d151e,Melanie Monroe
1a785688-c305-4526-86be-1dc8c02dab03,Michelle Rodriguez
857aa75a-bf43-41ec-9804-cf8576527010,Michael Torres MD
2820eed9-a794-4637-a7ec-c1d4506056d2,Amy Smith
763c211c-4b29-4a4c-abda-e4598ab6096f,Marcus Graves
412fdd80-9238-484f-904e-9e6818ff63cd,Julia Stevenson
2576df88-abf0-45c9-be0c-a1d89b4c9776,Elizabeth Ramirez
e2942db0-9801-493b-9606-c4d1d43e6f9f,Lisa Meyer
8f409453-6e05-410a-b82e-53a22c1d2ed0,Dr. James Hoffman
bde49653-dfdf-41f9-a4cd-a18de8ab7516,Lori Delgado
e946bbfa-a1e4-4911-abce-eee054cf96fe,Marissa Taylor
38054d0e-ff62-41a1-b164-67274188f282,Michael Hoffman
1b279320-e50a-45b4-a9c2-f3b3e9a2a538,Alyssa Tucker
5d674fb8-961d-45a9-90e9-345ff6a993e6,Tommy Porter
4ae13df7-453b-4e7d-824e-6d9e300c1c30,James Gardner
b53677c4-e435-433f-a991-0e519b745fd7,Lisa Duncan
7dfe68a0-adbb-4c7b-a1b3-6e1238cee5da,Patricia Wright
24e9756a-742b-4e71-9690-23cf028206d0,Bob Barnes
521bd2f3-9c1d-42ef-9817-4d5cc5f79638,John Bryant
be352ae1-1389-4de2-af4a-b05aff6b8e9b,Rachel King
6685f84c-94a7-4c25-9dbd-2bec79b884c0,Dylan Snyder
70ba9be6-6c46-4713-b128-c2dab3bc0255,Travis Clark
c8230a89-ef3a-4ba3-b1e0-5c1cdd8aef65,Brandon Hampton
5c211e3a-d580-481c-9dd4-37db9bb1a44d,Ryan Tran
441dc5f9-08b8-4ef3-b48e-88b823e56cb4,Dr. Grace Bailey DVM
7c00edf6-9e7f-46b3-b42f-ea2c8567d8e5,Pamela Smith
ba649ec4-4b90-4df2-8130-246af37c95d6,Jennifer Smith
98a8e259-6fd4-4f4e-9172-726ecee6d84d,Donald Mora
a5e27b83-99f3-4467-9450-d6f43cf02bc1,Trevor Davis
752915fe-268f-4f78-bac3-a1e2fe6efe81,Patrick Crawford
8262c6e9-bcb9-48b1-89ed-2f2e76b7e210,Ronnie Salazar
3ffb72eb-1a73-4bab-82b8-6d1e065ece91,David Bryant
f2dae135-cd19-48b8-bdbb-7e0486257599,John Cline
2c0f1760-d232-49a4-872e-d09251c396f8,Jeremy Murphy
7e67c16c-24c1-4005-aa0c-3c16fd5bcc3f,Lauren Herring
2ab822ac-0c8e-4c1f-8d36-050bf2e9f3be,Michael Edwards
2d4ea249-3caf-41b6-b616-88e46d4eb990,Benjamin Taylor
a80e87e1-492c-438c-8d87-bea279e8b5f5,Katrina Phillips
de1e4ffb-4d5c-4416-8dc8-899a897696ef,Martha Mendoza
154897f5-5d92-426b-8c0e-7b4f35448f2a,Michael Jacobs
3c313193-bc78-4228-bbf4-c92f2fb1d682,Kiara Rodriguez
92fbcbe6-f147-4f33-8811-12850bc3fb03,John Acevedo
e81d6c3e-d0c2-483e-a21a-42a8b44e828d,Tommy Johnson
65aedcf6-bc29-4ab1-a7d8-bc75e07ee80b,Angela Howard
04e13907-8b07-49c8-8bc8-bf747943d48b,Janet Irwin
ba93cde4-4eeb-4b8f-86c0-c27294883e59,Tyler Richardson
39924cfb-b67d-482c-a25b-4f7c0de03f8e,Courtney Chung
2d4a5ad6-650a-4408-9eb5-4b7beb4dd4f0,Bryan James MD
c540a421-e951-4509-b960-60d281176fe1,Sarah Brown
dacae294-97ba-4a6a-b8a3-e3fed7fd6070,Christopher Durham
13c2185b-49f5-4349-9bac-ff397c5fa07f,Mitchell Robbins
4e8f257e-27c9-449a-bec0-2799e931f736,Barbara Jackson
cef8b105-0bd2-4829-adbf-7876b5a772ed,David Perez
7c11ec41-d885-4b7c-b21e-9b2c69371b17,Cynthia Cook
eb4434b5-339e-4dfa-85f2-1acc813a722e,Courtney Carter
a912cc3a-c3f6-4981-97d1-216f5bfe8fd6,Alyssa Wheeler
7551f900-3eff-4a81-8d37-05991243e002,Robert Cruz
f101650b-838a-43c0-9f6e-10d69f60379f,Daniel Ramirez
0f90a41e-c10a-416b-9c71-9152bfa5ccec,John Webster
61d266bf-0e6d-496e-bef9-dd6545778488,Carl Wiggins
a0de547f-9cc6-4a21-9f53-d01c164be7e9,Tanya Coleman
06569dc6-356b-4a55-9537-38b44f1d2cbe,Stephanie Nichols
11ef8aa7-353f-4e44-bc5b-1aed227289d9,Monique Mccullough
9e9eb400-629b-4bbe-bcdf-c724e84ec082,Tara Jones
8ee2161c-23dc-4e34-aec8-389d33e0f565,Joseph Alvarez
a09c9719-0e94-4e8d-a0a8-25c8f7fbaada,Richard Potter
b60e320f-f1b5-48f3-89a7-c8cda1e44923,Tyler Manning
315b2435-3d98-4ed1-88e4-c584474ae8ea,Jodi Hernandez
6ed82247-270e-4d66-93a2-41cf7feda9d1,Sharon Hodges
c7ca779b-8bfb-45a9-8329-9c46b4bf1f68,Jason Martinez
0c4f7853-5c8f-4b36-a0a6-0156493be1ef,Andrew Willis
be09aad6-9ce3-4bcb-b9ab-855d288ea41f,Nicole Larson
414f89a9-8998-4305-8714-e8b83ca833f0,John Dickerson
7a0b454c-62e6-4bc3-8837-988b133e43b1,Billy Morgan
c282346b-47dc-47c7-bd9b-26704176a571,Peter Smith
9ed55922-41d1-4efa-9471-8527ff95851b,Robert Johnson
4ce8f35d-4efb-473f-9f82-9ec5f73f9b0e,Patricia Riley
1641b4b9-58a7-449e-ad21-5e63ed60c9b8,Timothy Reyes
4da325f8-81bb-4ba7-876e-85b3db20b65d,Nicholas Avery
d6124dde-48a0-47fc-87f7-249d37751133,Jennifer Lamb
7337f170-22a6-4d29-bfeb-298464f70f50,David Johnson
52ff04a8-d2cb-4404-9796-55144e7d8396,Isaac Peterson
084fcd17-b655-4d74-8ffd-3ad7508c3a8c,Robert Thomas
6537f7f8-91fc-40e2-9c4c-d3c5706099b5,John Berger
4d8ee259-1374-4b8b-98b4-c822da891ceb,David Oconnor
5d188015-bc21-4d92-8b48-f688f966abd4,Daniel Johnson
14a95d08-a36e-4a24-b41a-004c8f494ca3,Brenda Kim
cfa7c0f3-31c3-4dae-8518-557f5bcaba8e,Peter Hall
e599fe32-7ce9-49ec-8328-7edaf9c0defa,Gregory Evans
dd16038a-7c39-4d88-a99a-02f5d6cf8f2d,Krystal Harris
86314757-568d-4d65-b12a-9b97f99cf674,Vanessa Mitchell
e5d5df34-df51-4a3b-8f1b-dc9e280716a4,Valerie Gonzalez
0ddd07bc-f455-4b26-a38e-ca297a021dc4,Veronica Holloway
c7277de4-bbd2-4ff8-b788-049df39af231,Mitchell Castillo
a8fe82bf-2507-4598-a3e8-9a5e9a17e045,Thomas Jones
ae00e2ae-5289-4840-955a-f2beaa3ccf65,Maria Clark
aacc461f-8ada-43f5-8202-1bff003a9741,Timothy Skinner
5e9f44f9-5363-46b7-8b02-cf25368eb712,Nicholas Flores
aecb8f80-e6b6-4ebe-bebd-da37beacfe70,Rebecca Torres
82a7ab37-827a-46ea-be3b-7edc34f5c9d1,Victoria West
82598f37-6191-4b2d-8cf7-51f77b64f714,Jesus Rios
b757f135-2df4-442b-a509-b54aeeeaf3ad,Danielle Griffin
2d52637e-309d-4b7f-bbb1-73216f01806b,Nancy Figueroa
3ec6ab63-f610-4f77-ae5b-ba818cd335b8,Crystal Gregory
55c091e3-54c0-411c-b895-a91664986ded,Patrick Brown
cd43089d-0b2d-48f2-a976-3cebf1b88993,Shannon Martinez
9fbad68e-4420-43dd-9ee8-b58d8acdfecd,Monique Acosta
85376bfc-08a9-4bfb-b7c5-cbdb836f3add,Teresa Franco
8deb6472-bc65-4de3-94aa-375680d0dedd,Julie Kim
4579d819-17f6-4b01-b608-63b19865dd27,Bradley Padilla
15ff973c-4399-4685-a4de-314c6b3981a8,Casey Lara
3642ba33-944c-4bc9-b035-32d80d5b432e,Brandon Sandoval
b7b679c8-5339-48de-a9e7-b816cb88b83f,Shawn Meza
374e87b3-e389-453b-b77c-0589bd4da899,Rebecca Howe
ec82b5ca-e7f0-4410-8a00-b84eac8f4a9d,Gregg Jones
45822b93-e9b9-4103-afa9-0eda1512eb5a,Angela Fitzgerald
c6a7cc9c-780b-4c0f-a264-f75ec9a61632,Jessica Martinez
45ff75f1-b536-42f3-a54e-e21a0a2bec35,Valerie Williams
ffb46463-da21-4e7f-b898-54dc70f2f49e,Cheryl Bullock
3687f418-8724-4ed4-bb42-20ae60764313,Jeffrey Hernandez
fd2b6978-24e9-4c34-9602-4b54fd3207d7,Scott Burton
a82e03e8-5d10-4f70-ab98-d904c7334325,Tina Robinson
67d20294-11cb-4125-b59d-ca6696754c26,Brandon Cooper
77400d57-176b-479e-bec8-880437033e8d,Donald Mcconnell
3294b3eb-9d12-4a5e-a4f2-48a638aa469d,Tammy Calhoun
df722ace-ecc4-4b71-b5f3-9355c3f575b0,Devin Cummings
7b31feb0-e476-4d1c-ac37-c5f6f8a24c25,Kylie Juarez
7206f24e-a737-462a-93a9-0d39c95cb6dc,Stephanie Wallace
f109cf24-0382-449b-8b41-63acd8fc07ea,Oscar Sharp
05eda388-4704-4885-b6de-c616ee12db47,Ashley Johnson
0affac64-049c-4ee6-a29f-f73bbb44c5e3,Joseph Davila
5541a10e-593d-4a6d-a7c9-29c939af9a1c,Melanie Brown
05d12fae-9c3e-4507-b466-e1b44d04b195,George Reilly
84dd155d-9f26-45a3-bd8b-420399f06bea,Anna West
6f365bdc-105b-4c78-b736-1a64559deb7e,Mrs. Rhonda Hawkins MD
ee6dae8a-1376-4f89-bbbf-994e19e1c75f,Donald Brooks
c2eac60f-6fe2-41aa-ace0-e4374a46d072,Kimberly Prince
57262a1b-41ff-4257-93d8-944744bb5310,Robert White
48eacecc-71ce-41bc-8fa1-218350a059c6,James Stevenson
5c33b81e-b53c-4816-9b4b-331a721d1588,Kimberly Banks
0515ec25-75ca-4146-a813-102d0921a23f,Richard Douglas
e161a356-01d7-4797-b7f1-5a528f59363b,Kevin Garza
29394475-e6b0-42b4-a122-76f55b762792,Samantha Nguyen
03dc966c-e8ca-46e7-94b8-77108463d604,Samuel Walsh
a3c64ee7-f124-474d-ba6c-8ea2d1ea8bda,Sharon Scott
20d6ec1e-bfba-4c99-b968-d50706653248,Jessica Fields
65dd914a-93fe-448c-8f62-502d16207a80,Alexandra Mcdonald
de06e982-ad3d-47dd-bb12-47313ce283a2,Kenneth Graves
ee67645a-344d-46ab-8c8b-9aea446f5dd5,Wesley Russell
2afaf2ae-b9f6-4b93-8de8-cd86d64ef3ee,Stacie Mann
90e70b27-a1bb-4573-937c-9e837e959aad,Cynthia Meyer
31205797-a952-4f73-a9aa-37a1adf823f5,Eugene Miller
a9a27e5a-f19b-4821-8bdc-31bc1e214802,Valerie Miller
f5f67960-f36e-4fe9-a30a-527a8f423a93,Andrew Wade
aa6e1cbc-253d-40b5-828f-8fff61504d73,Joseph Howard
9929a2f8-cdb4-43c1-b7be-7f9322a42af6,Mark Carr
0c69d713-4222-4d9a-b9f3-28aeeddf012e,Kiara Guerra
f66e8416-5915-44e4-b4bf-a1ca00e39207,Chelsea Lamb
cab22e64-131a-488e-b670-8cfd38749668,Jennifer Peterson
6caaf900-c45b-4f7d-a300-f1019d8f9de0,Amber Patterson
e3e9b468-ca24-445b-af1d-ff24746be618,David Atkins
8a599012-d280-4f5a-bd59-c10e7b52b0e9,Nathaniel Rivera
75e72e58-17a4-4055-be0b-2c0bb71ba375,Douglas Hendrix
48c47b76-44ca-4e95-a633-59f874592e8f,Charles Palmer
730c569a-ce8e-4816-87fc-45d970d2f017,Tristan Myers
68f47252-9168-453f-8a9c-c32d6be8436b,Matthew Wheeler
f6c1fb46-9c24-423f-bd3a-8ff59a456e45,Andrew Carroll
c233fd0a-cca5-4261-b496-707552595c88,Mrs. Gloria Stewart PhD
dea0b571-2b44-4a1c-b6a4-547f82f1eada,Yvonne Long
249301fb-4ca5-4ffe-91ae-cee1e7e81020,Devon Carter
716452c1-5781-4a81-93b5-6bef4db0ac9c,Melissa Riley
12fc77ec-653f-4579-a66f-f1b699147844,Jake Robinson
ca7a5d1a-10c0-4218-bb38-31e1f4ae8e77,Virginia Willis
a53161a3-8def-4e86-93c2-55e947563426,Jason Pratt
efed5bf4-956a-41bf-a32f-eceacb78d7e8,William Berry
ce8761c1-9cce-4d97-ae4e-65fc70ddd084,Charlotte Wheeler
606ea280-1ccc-48b9-81b3-bdc7b2da437e,Rebecca Cabrera
91a0870a-a9fe-4896-a409-d161f0dc6ecb,Brett Henderson
dca01b97-ed56-4abd-98c0-74a871560bdf,Michelle Thompson
99808f29-f0a4-46fc-8008-00f811faf17e,Rachel Beck
237523c9-b045-421c-be04-044aa14623ea,Jill Drake
229c78b1-db7a-438a-994d-fe0e1c9ca352,Rodney Rose
332a81b3-f1eb-446d-87dd-cb53e9dedc68,Jonathan Ramos
36581828-d96c-4674-bcf9-cbb66873cb46,Julie Scott
f1498bbd-9a3e-4c02-a07f-a562b09987bd,Catherine Phillips
3487966d-8edb-4b92-948e-64681f622f32,Lisa Anderson
12bfcf15-418b-45e9-97cc-50f5c7d0ee08,Ashley Moore
7f4262db-9601-46be-8cff-f07679c7528d,Matthew Morgan
3fcb5cfb-1f99-4e9d-a2d8-9a5d353d58c8,Ryan Luna
c0e601ec-fd00-40d0-a049-8e4fe101ff8b,Dana Choi
724fdfa8-cb46-406a-af45-068731704bf8,Benjamin Davis
f5effe1b-635a-498b-8b92-2d835aa54c9c,Veronica Carroll
83424ac6-2516-4c3c-b3f5-309d49eac0f3,Michael Fernandez Jr.
543f208a-cf9f-4199-acc4-816ea5ff131c,Anthony Lamb
0af33488-1067-480b-8425-8cb30619f223,Jodi Perry
3974551d-f1be-415f-8da2-b8dfa3edef07,Jennifer Jennings
3e848303-42bc-445e-b809-5b7b2af0dbaf,Emily Gonzalez
8545ad71-22ee-4c2e-b25e-c31fb033395e,Ryan Cross
6e53c003-6d7c-4667-be13-bab800afbe9d,Renee Herring
f442ae85-536a-4ec9-aaf3-da814ff21970,Tiffany Davis
464532dd-bea9-451c-9371-ae820d41ee24,Jessica Phillips
de3c5379-f5c2-448a-9264-abb11bb40569,Theresa Brewer
6244e5a4-870f-4700-81c3-caed165d52e5,Carol Harrison
e55eafbe-cbbd-45dd-9541-78e98f9c0e09,Christopher Davis DDS
e7c5407f-37f7-42ff-858e-bd58ea2efbdd,Courtney Reid
06dd0250-84d1-468c-90c7-cd6d6105636e,James Nelson
8ea26128-c7ed-4ebb-8fd8-e8ce0712722e,Anna Cameron
5ef25311-b929-49dc-b0fd-c22a6c93f653,Cynthia Smith
259b75c1-613e-4e66-a973-fcd343a6c386,Stephen Myers
399c7192-5eaa-4f02-8315-bc15a0201e88,Zachary Simmons
b3e6dffa-813e-4b35-a9f9-e971b1e5edca,Michael Little
f659e96a-cb23-476d-b795-bd569f91ed9b,Claudia Schultz
a8501cbe-1957-4aae-9e5e-7067fe6c35c3,Caitlin Leblanc
6932e1cb-0cc7-4885-b638-13c5af9b0824,Theresa Aguirre
ede4a4d8-d11d-43ca-9763-4836370d2fa3,Nicholas Arnold
6e08dc0a-1a9d-4ac1-840b-621e4598914b,Summer Vargas
723c4370-ec05-41d1-8dc4-544239444cd2,Christopher Henry
143f3cb8-4b4f-41de-9e1e-882f59f3e019,Tony Brown
05fbc0cc-6982-4120-b415-b20e8b3a2460,Nicole Anderson
c928c7d9-5bb1-4299-a372-b5c1e5269771,Nicole Bond
8bdd9b14-21b2-4f8d-b3b1-7e6dd4e16e89,Robert Singleton
a65e22e3-042c-4cdd-ba25-979f65b1462f,Michael Higgins PhD
faab6e37-b82c-4ae1-abb1-df946ceaad70,Jill Walker
1fa40cd1-1fb6-46e2-a93a-4358c9a711ce,Katrina Smith
e87d41a9-abb9-45a2-87a4-a5879603077c,Kenneth Jackson
585de98a-e04d-4318-8577-3d4ef67d4983,Michael Robertson
e78b8843-8b9b-40fc-bbc0-09a73517be13,Donna Garcia
415bc804-7fd4-40ca-896c-6b6a9a381881,Lauren Warner
ba4b243d-6b16-4f76-89fb-15b8273d64b6,Donna Gallagher
8d038833-e8c6-4662-8f11-08c32ef1e81b,Anna Medina
1fc81dcb-5bc1-4534-acd2-969323c3dd5a,Michelle Bentley
8f756d30-c852-4151-abd4-22ad48b82623,Ana Smith
a639c33a-d731-4082-a223-bde18021e2d6,Roger Mcneil
c471fb8b-1d32-4c96-9924-79ab36bf722a,Joshua Jackson
5194afaf-a1b5-40d9-ba44-10a179f32942,Monica Adams
9434f043-78a4-4ea1-830e-b4c26fea8d77,Colin Thompson
f6cda89f-9e31-441c-b520-12eb7418b003,Nicole Smith
cbb379a8-27e1-4ac8-b959-f505d5301f20,Andrew Joseph
d0efd81b-7848-48a1-b5d2-4f4bfa637a54,Kimberly Harris
3b85959d-9561-496e-83d0-027381428363,Joshua Lopez
ffad698b-56d0-4371-9ccd-e67050ffa963,Calvin Rosales
406d1b9a-6ae7-443d-94d6-1150a7ffd063,Tracy Shaffer
22928bde-7365-4034-bb5d-894dc78a9883,Lauren Smith
d7258fad-ed5c-43c7-ba22-66bb49289999,Kim Hudson
ee313137-cc8f-400e-9265-d480d55897cf,Katherine Haynes
ebd81a8e-7c95-41de-8e6c-0881d8cdd384,Daniel Faulkner
eca870b7-593a-4fbd-99f1-fd4fec265843,Christopher White
155c9e9f-dc9f-4f3b-914c-fffc92d482b8,Marco Adkins
28fe2f25-b301-4e76-bb50-28a83ed28684,Mario Chavez
fae7bd3d-e324-4d6b-bbc6-c1ca73558e5f,Kevin Bailey
96d157a0-e107-454c-b5ef-a0f68e4e9e48,Andrew James
8fb1c49f-4387-4693-9cfb-79138f58c587,Maria Ruiz
97e17cca-301b-4ae6-a80d-455e9aeff4ea,Matthew Gonzales
f56a3ebc-faf6-49b2-8d6e-aa63815156c8,Linda Dillon
edff367b-48ad-40ab-8e61-ea094401370d,William Dyer
7c1d6820-77f9-46ab-89b4-1126efdf46e0,Adam Vega
d97ca4ce-60c9-4b76-9bbe-de1d62cedd62,Jessica Smith
5df9e18e-61e0-487a-bd26-e4cf3e12afe2,Kelly Baldwin
20381abd-c7e6-47ee-9a66-a6a50822c7f3,Lisa Green
87d6b5b8-9774-4d2b-8b19-03a24138f76b,Alicia Bell
a7517813-8538-4724-b2cd-7aa7a4462cb9,Rodney Harris
32abf703-501e-414a-aca6-8dd1b1d69eef,Angela Lopez
481aa67a-1774-4c10-8858-98b7641690b1,Mark Dorsey
7c245acc-2647-4d9f-b1ec-d735db271afc,Krystal Wolf
a54b9965-545d-4c0e-b952-669f6271b82d,Olivia Clark
4778097b-9b31-4922-b996-a2dea042f7c1,James Holden
38187028-c33e-447b-acce-48aa97dccf67,Marvin Phillips
8db7aa23-e2ef-4017-b49e-7e2dba6551ed,James Banks
8aa53a03-303d-4dd1-ad14-3269e28a402b,Bryan Nixon
7a16be74-a475-4df4-8223-3398705f5729,Alice Pierce
a1cd3177-33a0-4377-8b58-7f8aa223c32e,James Martin
ec01fff9-1779-4a4c-a291-62b3c190bb16,Christian May
750a4d79-7226-41d9-a013-03f32e580ca2,Patrick Carson
210e070e-ccbd-41e7-8090-4076ee339314,Kimberly Harris
98a322a0-9661-4c15-a0d8-643f3bf99b65,Keith White
a16d6f7c-c3d3-4620-a9f2-3f3bfc4971e2,Hannah Gonzales
03f5b9a1-043c-4a79-b78d-a3ec6e1f3930,Gregory Taylor
51589011-cf42-47e0-976a-4636cb47fb00,Christina Cervantes
881e02aa-8a78-480d-9674-bf6ea9db0954,Joan Mckay
fd22803e-d9c2-4f56-a706-b968c925f616,Adam Turner
17c82dec-6772-47c0-a74d-2f97264ae5a9,Allison Perkins
164fa4c4-7cc4-42dd-9283-ae39a18e4a4c,Melissa Mitchell
09855aed-e96f-470c-8c53-31977e3af40c,Jamie Cohen
f1d052c7-8830-4ec0-8705-d6f5dfa32ad7,Teresa Smith
2f24d4fd-5c53-4b3c-9266-cdbf62ba1cc3,Nicholas Randall
44360d78-83c8-4d64-8e4e-2be1974ac5f4,Ryan Alexander
f4899bfd-2fe5-4672-ad7d-024cbb53b541,Christopher Williams
1245d10d-0dad-4411-9deb-0d41555e712e,Michael Johnson
5ce28809-5994-4fc3-895f-5cae2b0feeac,Kimberly Stewart
c6bfc641-f2fa-473b-8bc2-f965652f6eb0,Catherine Ferrell
bb06238a-ba6f-4380-8517-445d3d11c57b,Gregory Gomez PhD
725205fb-5c2d-48b5-92d7-ef844f7a5f24,Jennifer Martin
d63d9e68-0352-4029-8053-9a3ee7cf1f3f,Joshua Hatfield
35b2741a-24f7-4ad5-849e-a4153b6a9c2f,Michele Sutton
95d27ff1-7dd3-4dd1-bedd-c2abd1197db8,Krystal Lawrence
094f672a-d767-4dfc-bc25-f07bbf22a039,Charles Khan
b70de3dd-a80e-43c2-8609-e8eb1b5ff6c7,Dr. Gail Giles
c4702115-ff0e-4ac8-bddb-fa7beaec5fab,Tyler Duncan
b6aa436f-a9c4-4724-b3ba-01bf4ecd2716,Megan Livingston
31dc908c-2e52-492e-bd39-f59dcaa39cc6,Manuel Wiley
acaac996-260f-4693-9a5a-20c051d8c278,Michael Graves
f97c4270-aad4-4fc4-b9df-f236320183c2,Erika Kirby
77371fb2-20da-4537-a6df-bc248cc536d9,Amy Nelson
5705a197-d856-4ac6-b476-99ce8447d8ff,Chase King
c777b5a1-ed5b-4de9-a8ba-aae2f83e7be2,William Moody
0efecb95-9162-4ee0-931e-bb01ac21d917,Jessica Howard
07d1b453-2440-49bd-878f-2f641d8aaf97,Brian Hayes
71ecc639-e322-4247-bbed-7d2282ed9b20,Jeffrey Turner
d336ec83-7b0d-47e2-afd4-e94857e966ab,Jessica Dunlap
7595b015-647e-46b5-9131-8d60e4c58015,Shelia Ray
1e945b14-be49-4df6-bc31-ed18b38cf2bd,Mary Price
5f9b7bb8-ee4f-4a3e-b817-caa6beebb383,Charles Lane
49ab5e6b-a8f0-43ec-bac4-1d1082de21cd,Shannon Simpson
1d4a9a21-5bd1-45db-91ce-b882b77d5ecc,Joyce Carroll
a200b2f7-e75a-4bee-8450-c735981a718c,Shannon Valencia
788938b6-9026-4de7-858a-0cc1044afb41,Justin Martinez
e3ceb251-f5b9-40d9-8e4d-5d9798063bcc,Nathan Calhoun
865c8478-653f-4c93-92cd-d386c4c3d1a6,Vickie Robinson
c49cfd28-e27d-47de-b265-4f00b72fe25a,Erin Boone
7c85e9c4-ea8e-45bd-a196-1030f79a5576,Adriana Weber
0526886f-45e2-4ac4-b0c6-2251faccd738,Willie Kelley
090ac5e1-c494-46ef-b7f3-02ebdf40742f,Lisa Walters
2cd41539-7ba9-400b-bd48-2820319bbf3e,Alexander Gould
7078c28c-567c-47b4-89c6-dec5446f76dd,Edwin Martinez
141fad4a-27e6-422d-a418-1b2a7a7cb7c8,Andrew Doyle
1af7cda8-ff1e-4c1b-840b-f1f116d2cfd3,Mr. Randy Larson
6b0d1ca7-ff9d-499e-a723-1ddabf4a3844,Laura Smith
e2757c68-985e-44e5-80ce-90f7c56807c6,Stacey Ward
41a7b244-c930-42a1-8e5c-a862a0656536,Justin Lewis
bd68e82e-d358-4ace-96f1-6f3433c4cc35,Michael Dickson
72cb5f35-6b33-495f-966c-c65a11a41540,Steven Smith
0b33994d-139a-4f0c-951c-877f16c5e12d,Allen Craig Jr.
454b3b2e-5703-4027-89fa-d8730278dd14,Tyler Turner
483cfc7b-bbaa-4e82-bda9-2e932746b9ae,Julia Long
fb31cc72-6182-4369-8e92-2c89223feeb0,Daniel Robinson
74bc2a9e-cddb-4c27-83ed-31408361261a,Paul Rice
625538a6-ddd1-4e2a-82ae-a96ddbf97348,Joel Norris
c3497e6d-ce8b-4599-bea1-26b8edd8d63c,Diana Barrett
efdb6ace-b497-40e9-8501-eb631e57872c,Melanie Day
2217718b-87dd-4375-9c8d-ec5e7b48bbf3,Dale Fitzgerald
b275f4ab-706d-488a-a648-0764ba04c6d2,Laura Chen
77916965-bfbc-4a9e-9ad0-d41b04e0e07b,Amanda Russell
7d49de3b-d648-401d-be9e-0a439d9a040d,Melissa Estrada
21c4c9de-a0f3-4fb2-86a6-f5dd765adb7e,Gregory Richardson
99dad455-5f76-49b1-b598-31ebd9aa8e8a,Jennifer Alvarez
cacf5dc8-5b16-4a79-a71d-b1c4311d6ad9,Nicole Dawson
a4060124-220b-45fa-8e23-3edda84942a3,Faith Long
88fb26ed-e010-4e01-9bf6-64f4110281c4,Jesse Atkins
b43ee4a5-767f-4009-8097-9648f2f0cb36,Taylor Stephens
bc6d8d04-40a6-4fc6-a826-074ac8ddbb9c,Mary Wang
15217893-5c0f-4699-9a36-9f388742b8bf,Jason Steele
d509722b-f654-48a9-8bf8-83f7e566f5c5,Norma Smith
e5c8e906-5486-4daa-991b-4c18648183ae,Cameron Kirk
73696154-b9ca-468a-b86f-2d442ce05868,Teresa Hunter
5a929af5-e9a8-4bb4-92fe-a7ee2ac0531e,Charles Harris Jr.
b93be595-b0df-4fad-8062-922ed313c7d9,Andrew Warren
a2a8c77d-64e1-42bd-8bc9-a76812511ab9,Anthony Jones
387b703a-31b8-4acc-ab75-beef70ae391c,Patrick Richard
21b55e2a-0ba0-463c-a93e-20161fc9088f,Paige Rose
db4be696-956d-482b-b21b-8914d3116c4c,Katherine Reed
50ab5cd5-6eb6-4b4d-983b-e1a424d797a2,John Howard
53559291-0c85-4be6-ad82-c118b3177749,Brian Kemp
cdf0ddc0-bfa3-4fc3-adcf-22b0f548ded8,Elizabeth Thomas
a8e7afef-c602-476e-b355-73da1f066483,Tanya Cruz
69e4a8ab-89d3-4960-9730-48777ed8c844,Steven James
3b05390b-5f75-422a-9279-f6df4a204272,William Maldonado
7e4dfe71-e41a-4679-ade9-cab683c9697f,Michael Gallegos
8a5dcd65-a206-46ec-8865-289e9616e01f,Amanda Lee
8cced8a0-d119-40d1-a2d7-4ac369967635,Jill Johnson
fedf2cd6-3e6d-4faf-ab84-783195782968,Jennifer Young
03f6e478-471c-497f-9112-4bfc8ad948bf,Lisa Wolfe
3c7de285-62cc-4bd6-843e-a33252086b60,Nicole Lucero
e2cffed5-9171-4002-aa12-06f81aeb575b,Theresa Johnson
f91014e0-c82b-48c4-bfeb-a3fe3592ef90,Justin Jordan
59655245-2434-486a-94fd-b31542f47bbd,Todd Flowers
c1ebff5c-aa59-4065-9df9-953a316504e0,Timothy Thomas
a04080a1-f257-44e4-99e9-905fb3a87c5d,Brandon Stevens
a2880c64-9b55-4a70-a9c1-5d555755466e,Daniel Bean
08796740-6766-4b1f-9024-ff9010bf61f1,Peter House
ba5c8d4b-95e5-49c5-bde9-94bae27dcd3a,Casey Miller
ceb12dce-1f77-4d76-8348-807aef20a73f,Christine Johnson
3fdc1272-0756-4b0a-ad01-cfa9e1a7be9c,Julie Bates
a6faf702-ed5a-4a3f-8709-12faf010b417,Brandon Ross
e21af8ff-f1e2-41b3-9851-4ae3c9d3a6b1,Jackie Collins
b7d39bf6-1c4a-479c-8d6b-36a94b41a734,Michelle Christian
fd8d9754-4444-4889-b495-bd5c293a4f2e,Vincent Thomas
b322a5f5-8f08-401c-a021-b26f6e5a4ade,Karina Duarte
ca1c22bd-b30f-4e3a-b0a8-d8ebcd04c24b,Jacob Brown
97cb900c-a658-4309-a6ef-65f5d0e85f8c,Corey Collins
003698e7-48aa-47f4-8fa6-42600b4d606f,Robin Juarez
f58449b5-5eb5-4753-9455-7352a3507075,John Moss
214b3018-e423-49d9-b386-6ee67437cd1a,Michael Price
73b028c0-f66d-4ae4-9d89-ae85f208b2cc,Kelly Williams
547bf488-f941-470e-9622-4806557d9ac3,Dawn Cook
b63298b5-c678-4fa4-b721-928e7c7aed65,Andrew Beck
6ab54ff3-cdff-4fae-8cb4-557c5617b3a0,Jennifer Hamilton
eed42b8c-14e6-4ee8-ab83-6991f8e1f95c,Rebecca Holt
74e498d0-94f1-419f-9700-634a2d4fd574,Adam Ponce
1608824c-2d96-48f5-a7cc-82019aa69101,Leslie Townsend
afbc241c-6e0e-4faa-9334-fbbb451dd8c7,Gabriel Ford
23c88247-16c2-4a26-b606-812e4806baee,Kristin Rodriguez
d865c586-4f8b-43cc-a474-5828ab296151,Paul Christian
fdde7d11-af5c-4131-9af0-df82508e58cd,Kaitlyn Hughes
1b4e58bf-60ad-492e-b98f-c0393b06122f,Gina Chen
f1afd4ee-10e4-4e02-a50f-d966a77cba30,George Jimenez
42607902-2082-4a14-a4ec-93f35c55162b,Patricia Lucas
6c97435c-13f2-4e53-b67b-e474ba1a221c,Natalie Graves
975d2570-d414-474d-8fdc-61e2b46d0dbf,Mr. Steven Melendez MD
16a8e957-cfb0-4820-8f77-e76a00e1ff31,Sarah Shepherd
4c31217d-f5f1-4827-b95e-bc039d9b9e60,Joyce Hernandez
005b58df-326f-4a67-8f49-3976fce9bcd2,David Moses
8ba96fe2-5f29-4b6b-b244-31d1e1501e12,Angela Hester
87b9a10f-5b95-4cf4-8c7f-d3f8774ad001,Erika Martin
71553b30-5c94-4f01-bb03-f7b443ab17a6,Emily Hall
90ad3f2d-65c7-4f12-ba73-1be989554f28,Matthew Marshall DVM
73ec2e57-c2b2-4678-90c8-59f4c84247f3,Michael Woodard
2db69acb-ed97-464c-a096-d6464bc37608,Christina Preston
ddc60a14-95d8-4bed-9c27-fb4c352744fb,Amber Rojas
729717a1-50ed-4141-bd41-a46782cc7432,Luke Allen
1701f592-3cb5-421d-9996-45dfd7c7922a,Judy Roberts
46829d61-237b-4c59-b5ad-fd7405acf03a,Mrs. Ruth Ramirez
ae466473-377d-402b-9933-d256352cbe28,James Smith
9df3d5a3-8e5d-4cbc-b3b3-b2c0c7a07291,Patrick Miller
de8d35b8-0206-4a9b-b3ff-4c3860cb32f1,Maria Scott
45114187-f5b4-4a25-8bed-5ae103fb0996,Jennifer Nicholson
c872d5a7-bca1-430c-832a-c3bb8cb12538,George Mosley
85abf683-f3ae-44ba-b662-02b99dc0ec6d,Katherine Welch
83beb55e-f814-476b-9429-dc4be62cb158,Ashley Estes
406d256d-922a-461b-9f7d-eb8057070434,Donna Ellis
867ad6f4-b1cb-4e4b-b2c0-ec5556140ba6,Christy Rosario
afce3527-19e8-4dca-bd4c-2f7187f8c1c1,Kirk Blanchard
af8397e8-45bf-4497-9a8c-0da524da4541,James Pena
dea88d9b-7987-40dd-9199-95a347a04031,Joseph May
92fcd24c-481d-4594-ad5d-f4c538107be2,Terry Vargas
1513527c-3486-4023-875d-02e969d00597,Patrick Johnson
d12616b4-f766-474a-8c57-93a3d1f49ddd,Margaret Harris
938accf8-3668-46a2-8a3c-0b12e4747435,Daniel Johnson
54d8e49d-ef6b-4faa-9276-daa8b0f95f0a,Shelly Collins
f15f9457-066a-4ceb-8769-5c896e073c85,Andrea Chandler
d124a447-6abf-44d0-b8ad-545b92c05a15,Deanna Sanders
533648fb-09a6-4584-a4e2-6382c6f15045,Derrick Williams
062c3e74-ec86-4bdf-9670-cab7f5a88e5e,Gabriel White
906224d3-b3b2-4ccf-b72f-e6d69c96aa6e,Cassandra Peterson
cf60e2be-92f3-4dbd-bb7e-7528ca1f021b,Brittany Davis
4721abae-6380-43e8-b4db-6cb454c04737,Ashley Mcgee
2bee685a-5c2c-45da-9da0-f311fd8228c2,Stephanie Odonnell
ae5c6e8f-f804-46d3-bc4a-fef391c60165,Courtney Johnson
61f4d76c-c6aa-4263-a4f5-816f716d9839,Eric Miller
ea515751-7ee8-4cb9-8f0e-640d4163b882,Amber Luna
bbac9a2a-6b83-4cf2-8afe-b8241bac93b4,April Hill
26c13d2f-a0a1-4902-bca8-d1c91879248a,Lisa Peters
50657b44-8391-440d-a261-3d9c5d2cdb11,Rachel Haynes
d5fbcf43-eb74-4ad1-948b-03bde27943ee,Brittany Robinson
ec53db38-47e2-48a1-ac89-9925c75e5425,Michael Molina
442e011c-1ef1-4d5a-88bb-38b82d281e85,Meredith Velazquez
e4e19e3a-a9af-4c05-9493-59130c789fde,Charles Gregory
fbf0fbdf-ecad-425e-a7a3-6609be604a09,Daniel Arnold
e3fef50e-2a00-4313-8584-ae98bc289118,Frederick Williams
ab996b26-fa78-474f-a4d4-34368cae4712,Taylor Sherman
1304fb28-930c-4a2a-b5da-ad4f259de94c,Samuel Wood Jr.
f3145d35-19fc-4994-a226-17c2cd61683d,Katie Huerta
19d12274-2296-42a5-ba7c-5fe36d2d563f,David Stephens
4075a732-3481-4ec7-90a0-ebe7329f4f7b,Austin Phillips
be786454-bfce-4413-86fd-e73dcb2dc5af,Caroline Ayala
77390488-7c5a-4b67-a5c1-740526b50417,Ashley Watts
1fd0d0e9-64aa-47b1-b3b5-3b9e3ad217a8,Lindsay Fowler
54bcb17e-b960-44ed-9640-1f07556a53c2,Susan Nichols
d2952b42-516a-4524-b99b-553518d7d2cb,Jodi Ortiz
d4b9ce1a-43e5-40df-b733-e8e6d1d69b9b,Ronald Miller
645a4f88-5c1e-4eb5-9ada-60656c1288d3,Deborah Bennett
d81f506f-1e64-433a-88e2-d3bbda981280,Savannah Kennedy
42977c6e-18d9-4a82-a70f-ce98e9b4889c,Roger Smith
46b021fd-0b17-4e29-afde-f040734518e5,Corey Thomas
6b58c1e1-01a6-422a-bb75-d9f1b2299dc5,Robert Hogan
85c1121b-0e98-4e75-9485-91b281cbf18f,James Chambers
54845c6d-e99d-46b0-a457-b7f839746e37,Mr. Philip Mccarty
7d948fd4-20c4-43bc-acbb-ec90a8f1ab23,Candice Brown
2c0d7f3c-243e-49b5-b06e-cd97e9c1a41e,Randy Sutton
140fe4a2-03b6-42fe-b308-1c20ebb7c99c,Melissa Thompson
e23268b6-5c5d-48a6-8989-0c40c7fc9e84,Haley Moore
851eb4ad-4b07-4508-b17e-f21f4caccc44,Crystal Perez
1139ce9b-819a-4e7c-96d6-c02e21e667d9,Kathryn Morton
6d9a4789-a6bd-429d-8cc4-54510376e7f4,Robert Brown
2547f04e-3604-4540-a9be-b5f115144f9d,Gabriel Watkins
0c434025-2f2d-4346-9317-f0f3e7d5ba7a,Connie Mooney
33d72562-0104-4a3c-b28e-69f6d73bc246,Kenneth Smith
3d1b97c4-82bf-4498-9add-2fd3c1769d6b,Stephen Knapp
f55923c8-e423-44c2-8b76-fa9bdd65b2c2,Michael Long
3af62589-d78d-45f4-80cf-b789a7081132,Emily Miller
7cb9dff2-8339-4057-a281-8743cb059da4,Ricky Davis
2751bd4a-8ac7-4ebb-883b-af03ad5f0187,Kevin Knox
fc497cc8-a25d-4649-a5ec-8bfe3fe74029,Melissa Hill
a1a90566-f671-43bc-8358-cf47f3785030,Taylor White
4c158493-1801-4363-85ab-8d66fc8365a9,Tiffany Edwards
1e8956a2-b7a2-40f6-908c-1296df80173c,Richard Stewart
a0b7142d-9829-4837-b1a7-7308c9a669ee,Laura Vasquez
b00e75c9-6877-474e-976d-5541eaf4d881,Joshua Rivera
c168f6fc-fcea-4875-8880-56e2ad82c75f,Michaela Mccullough
b8c9e7e5-b6bf-49bb-a55f-19e6afa63551,Dustin Smith
305c1715-16c4-491b-9c14-ce46010412bf,Daniel Reyes
87ff0f87-c37e-4b60-827c-7ddcd2fe7c3e,Stacie Pennington
012784a4-7ed6-4631-b74e-795a8c97297c,Thomas Morris
1e7282fe-bba5-43da-bdcb-1b487d4df9f6,Leslie Ward
1806864e-2347-498c-863f-1f962fe9bb41,Tammy Church
42791c73-8136-4290-9739-f2ccb00a540d,Joy Kent
72188f5c-56db-414d-919c-494db7b1a828,Emma Schroeder
e4eda1cc-2bd6-4328-b4be-6ab8831488d4,Andrea Vang
6f613be1-23d2-4d87-94b6-57feee290ec1,John Jones
2e9e5d5a-4d2a-468c-a362-abd4b405f910,Nathaniel Stewart
3f25ad50-c836-4518-acf1-81f7514896eb,Kimberly Graham
64b0a86b-b8a5-4dba-ab08-275e3eb198df,Anthony Rose
ccc828a3-d5f6-447f-9e8b-ab4d67477095,John Gonzalez
e493a78b-4a64-445d-9eb7-f9d1e0063c55,Julie Weiss
a30cdc57-3c3c-4c02-90ae-a0a6f5677728,Melissa Young
6774deaf-8d33-4c79-a2d1-fbe7b5ba2aad,Stephanie Morris
8b3dcedf-3501-4839-b225-3eeab65126a2,Yvonne Porter
96cf89e2-813a-4416-87c5-48c6a67eef19,Brandy Martinez
c04c40b1-1245-4ce1-a4bf-8b9ef02e84bb,William Hudson
342eaa9a-ed21-4e9a-961f-a824a22c6053,David Garner
487f9108-c139-4b21-95d2-dcb492c1bffd,Briana Evans
409cf79c-4677-48ea-b952-649dc2b14765,Joshua Brown
43d27ae0-4b5a-4024-8718-160fef4a3cd6,Jasmine Hood
0d7ce4c3-7b53-4617-b1bf-8fb145845a41,Tyler Cooper
83778291-0202-4145-8a3e-c171a8d0b6f4,Timothy Garcia
5641f550-dbe8-4abb-ab38-d360c73af1c1,Christopher Klein
9b45c11c-9f05-4bbb-8380-a3db86db9a2e,Stephen Galvan
6dbbbab7-622f-4625-af76-069f7cb6a998,Heather Barnes
2ea882aa-1085-4521-b4fa-0f15ecc1271c,Arthur Mccoy
38b12eeb-6ee9-46cc-ac60-dd2d30ccab52,Jill Powell
2d9aa499-ef6c-4379-a3d3-44a630a0bb5c,Jodi Myers
c3906742-e23d-416a-80d2-33d3663ccb1a,Leslie Morgan
df98f9f4-122a-40df-84f7-7ed69d295319,Robin Carr
9e692f8b-3899-40af-953f-f5a8bcd67eaf,Melvin West
49aef6f3-05de-42b6-86ed-1484efde82de,Kelsey Luna
672c27f6-126d-4e7d-a2a1-1f1fb515fd84,Sheena Prince
8c8fe089-6c13-4ad5-93e9-63fe1bd7167e,Patty Williams
8a60a5a8-1dd0-4667-813a-86439817ad4d,Michelle Sanchez
3521518c-46ff-4d24-a8e1-8362125a948d,Patricia Burns
51a0db33-c970-42b1-961c-9bfa7d0cbf77,Christine Lloyd
126b9f41-90f2-4eab-8b16-53360295f182,John Baker
84b245cc-6972-4a81-b45c-0755c24bfa59,Jill Boyd
d81c67d7-6b8b-400c-8513-5861f8a8d2b8,Juan Stewart
fd4dd34e-8a7b-4576-a494-6ee39751a5d6,Michael Hampton
742aae0d-79b3-4bae-8f02-2feb9cc62da9,Emily Ware
f1beb0ad-3b22-4242-bbe6-9129e91bfb8b,Benjamin Bailey
8b0609b2-b7b3-4cd2-b209-e2edcd106676,Betty Henderson
d11abd39-601b-468e-bebb-c96155f1695f,Rodney Hart
2717483d-6f1a-40cf-9aad-9455010e0f8b,Emily Robinson
7047d584-26ad-4ca7-93ea-81df0825c04e,Tara Wilson
9121b157-a081-420a-ad21-99f81e49099a,Brett Ryan
d7a2dfe8-12b9-4fa2-aa38-3e2ad1b16e6d,Michael Vargas
deca9183-195e-48c9-ac0f-556353a3f806,James Sanders
fd1dfdc5-ca04-4eed-8884-272181ba2522,Kevin Porter
7f0d8307-b998-4b41-aef1-a90725705f22,Wayne Dawson
5070c0b3-66b5-4530-ae74-70ffa2828f3b,Shannon Mccoy
da300d50-1aa3-490b-a7ab-59d88718daef,Travis Bennett
b848030e-a516-4837-b8ba-cab1d93220a9,Angela Miller
e2d8efe3-7b7c-4e03-91be-83074b06d449,Robert Fleming
fe225943-569b-4dfe-9deb-30f58264e8de,Amy Fisher
bc9b04ec-01ff-4626-80c1-da832a290ec7,Tracy Nunez
2bbb10d6-ce18-4fd5-912c-790962b2b5df,Lawrence Martin
602450d4-280d-4b8c-96f3-f70fd39ed21a,Shannon Novak
3aecd10b-7cd0-470c-bcae-974903882f69,Kelly Waters
7b8d4c28-1caa-4384-bf2f-804803c29eaf,Lisa Smith
0b16bead-e0cc-4b00-95d3-497c21bbd4ec,John Bush
54e9fee1-5fcf-4854-95de-42e733faafee,Michael Cordova
17a57b0f-5ae1-454d-89bb-cbbc264cffb6,Michael Henderson
4b87109b-17da-4598-b457-2973c349b524,Benjamin Wiley
ce9dd1bd-2fae-4edd-bf46-b7c27abfaa55,Samuel Andrews
2436caaf-559c-4aa7-a5b8-ea83a3385de8,Shannon Moon
31f434a7-7655-47a4-82b5-abf9c76eed44,Ms. Karla Thompson DDS
228c6a5b-655b-4919-822c-03aa95ae4204,Mr. John Watson DDS
747da196-95ae-4f57-a048-a5b28fae0fe6,Paul Wilson
a3474577-7809-4e73-baf8-ccaade60bc31,Dwayne Crawford
8c8710ee-f8d8-40d0-ae4a-4e75d4fdcea4,Alexandria White
4d431ce4-ee5e-49bc-b81d-4ef3c74c8cb8,Mariah Johnson
bb3af72d-ebfd-4bc7-aeec-8959679c146e,Sandra Lynch
dd073fff-e7b5-4861-8243-012fc7daeb62,Christina Buckley
bf568884-8e58-4477-91c4-1227b9fb0f0a,Jennifer White
f7b916f7-7e7f-42e6-983c-402372b847b4,Angelica Kelly
d52a926e-af4a-49c9-8906-205f59180f51,Crystal Smith
abf5d9d2-1b55-48ac-a94f-4fe323950a7d,Cassie Howe
3e52b46d-e9dc-47c3-8903-35938f02d2b6,David Bowers
2c2b0bda-a082-4193-be64-49101a10e981,Joanna Fletcher
658a977e-c350-420d-929e-8a042904f669,Richard Duncan
624b23f3-632a-4537-894e-0fd53e17227a,Dennis Watkins
376b134a-78eb-403b-9cb3-09d4c3417f14,Monica Jones
